"b","marginal_4cov_minus_3cov"
1,1.409495075878
2,2.06382678979139
3,2.79175076550428
4,3.5089776346183
5,2.07112643265918
6,3.34845332519217
7,3.12525490732787
8,-1.29525585679448
9,3.04923905986357
10,2.72186609153778
11,0.59630664265319
12,3.16738261296541
13,2.07289383229977
14,1.51091481462072
15,1.11792856382704
16,-0.874729213014916
17,2.82526912810863
18,0.690011633281983
19,4.45084127426958
20,3.03256835946945
21,-2.02798376916962
22,0.92184365069329
23,4.614885220107
24,3.04846630141515
25,1.55110632079118
26,3.15621105377613
27,2.03518229500787
28,-3.36693816994728
29,3.93676239359183
30,3.29583954508485
31,3.58699851758411
32,2.90350909285894
33,1.651516107009
34,1.29364619173953
35,2.06706448906607
36,3.30848505033623
37,4.41354679035089
38,0.561268910050103
39,4.12766775995624
40,1.92926128224656
41,1.85572653226006
42,1.79517435031562
43,1.4042607516858
44,4.13893352383707
45,2.75748605679291
46,1.42285097359763
47,2.50441338619532
48,-1.09459580383248
49,1.66898239762122
50,3.01028719170085
51,2.17067924791581
52,2.53845629251259
53,1.00784297521977
54,-0.200820990571401
55,2.21798356087265
56,0.871520003939168
57,4.30694096940783
58,1.77700692808435
59,3.53992965370367
60,0.820137947290277
61,1.24424507441415
62,2.25433519005651
63,1.43229641773496
64,0.907518747793574
65,0.625268482369165
66,1.48358262229715
67,3.69428745255573
68,-1.74410505612775
69,1.40309144809146
70,1.69794779003462
71,2.5486439333913
72,2.07987000034916
73,-1.78229133332275
74,1.92995191012915
75,1.0970531070069
76,1.70712871788646
77,3.64881604611105
78,2.53539095591555
79,3.6618850747052
80,-0.999127942737687
81,-0.0777603150402228
82,0.434512144158134
83,0.441394193246424
84,0.0439627643809217
85,-2.02847836685601
86,3.02521624899089
87,2.19908889691237
88,-0.874356791290893
89,1.41089578013248
90,3.28078739352804
91,-0.204716603809629
92,1.95310304201394
93,2.71179690446161
94,-1.59789250851168
95,3.285052069323
96,3.76611138685189
97,3.38683030655238
98,1.70979157111447
99,1.00267341318533
100,2.26893952382682
101,1.98250861043994
102,2.38255247446114
103,-1.56439119855054
104,2.79400375280602
105,0.311232431079816
106,0.781947493243138
107,2.90970241140428
108,3.64793807441379
109,-1.98726305777143
110,2.79993160229924
111,1.40761460490376
112,2.59870247130857
113,-0.0190826251260887
114,1.28084046327626
115,0.116783742351117
116,3.16504237481684
117,0.86000831434842
118,-0.585362111453492
119,1.86037666386596
120,-2.49420007874107
121,3.02579610434077
122,0.0443773648753449
123,1.02453383780369
124,0.688803809663568
125,3.57364422181683
126,-0.909116209713261
127,2.58329063619612
128,1.91951515844585
129,0.279248363633997
130,0.953149410685683
131,1.57634500968436
132,0.288420240056098
133,0.426512758277113
134,0.555942716608911
135,1.66073566998546
136,0.406240752081544
137,2.73461778849764
138,1.22357321110667
139,2.79111155154328
140,2.71484047693912
141,0.513931003335983
142,0.00499174802712332
143,2.33246465041475
144,0.521474801610111
145,2.43874704410996
146,3.19481364916419
147,-1.58298770638817
148,1.52628984248827
149,1.73149618305979
150,-2.09701566574381
151,0.670633984824121
152,0.14580267361282
153,2.78881099323462
154,0.931997617120032
155,3.12628344493919
156,3.09083495898562
157,1.51215848199809
158,3.88269749684173
159,0.596798008313499
160,1.44576160437202
161,3.71639650375892
162,0.114143676969206
163,2.61782193237536
164,2.01694812296671
165,1.65814523491395
166,0.893281892863115
167,3.19708906174537
168,2.01165289345727
169,1.00225162810034
170,3.17056968272982
171,2.45259459126601
172,-0.160692349152214
173,-0.682596248391064
174,-1.36142938565808
175,-0.190270432883381
176,0.364246843428646
177,-1.8745088974697
178,1.57304595294477
179,1.91486497686083
180,0.0736785347924069
181,3.83870723145515
182,0.249825252305072
183,1.88048544998628
184,0.0352873853121309
185,1.75915514452799
186,-0.0304761919073826
187,0.718444852204811
188,-1.65475435020574
189,2.82750637274535
190,1.31416761381502
191,0.052203244316388
192,1.05092055242028
193,1.35839822046182
194,0.552432607765923
195,3.3011389653318
196,3.09895457381549
197,-0.747745471734788
198,2.41449266221389
199,1.62250478260853
200,3.74634723704753
201,3.07431072315944
202,2.23762362211983
203,1.80754700353486
204,-1.90903312066541
205,4.31329899056607
206,2.75414171049101
207,0.516383084488439
208,4.03417422352538
209,-0.965483511110619
210,0.271721340897329
211,0.288533952872513
212,3.09733873610912
213,-0.572223315021802
214,3.31469494969724
215,1.68898797031284
216,0.698165574053291
217,-1.15183927875887
218,0.503878890081069
219,1.67228130021385
220,1.65205455063551
221,-0.925206627702437
222,3.28170814531472
223,1.41665881854328
224,3.35656395091928
225,0.00973018670981673
226,0.134825984852796
227,1.6211439627582
228,4.49069274833971
229,2.30244053897968
230,-1.49489328091158
231,0.399380176036402
232,0.453933819022723
233,1.51860078467485
234,3.71447813496252
235,0.509135042714092
236,0.323401805626077
237,2.66443103154177
238,-1.94396679042165
239,2.70678808823959
240,-0.127363035618828
241,0.0357616281310129
242,1.84126872336333
243,0.667694865178873
244,-0.753208150544197
245,0.544365249466864
246,1.03778230857483
247,1.11245751718911
248,3.85048150772036
249,1.50291104716291
250,1.57137415679631
251,-1.30986414482163
252,0.25718179705791
253,3.84182893610023
254,1.30654388988228
255,1.94062484777589
256,1.04977848170347
257,3.56343391723522
258,1.84227925348671
259,0.515644587578777
260,1.23787803357595
261,2.04331057619675
262,-0.487029901839378
263,3.16177332138045
264,0.682733026395908
265,1.36887064768598
266,1.12856134774904
267,3.475816750636
268,1.65269703839022
269,3.61587525958066
270,2.94092393251185
271,2.23268520187457
272,1.28717197238052
273,1.11123677554292
274,0.50644339379653
275,0.828473837850311
276,2.20475253809036
277,0.902886576062656
278,-0.67007654775216
279,-0.141365132077226
280,2.71896450417944
281,3.096264226318
282,2.12698806199955
283,3.25821366507989
284,-0.294464797875207
285,2.60021543259313
286,-0.965008315940622
287,-0.539296375926028
288,2.89512121744656
289,0.937474658717292
290,2.95757853541386
291,2.69558634881241
292,-0.956556104297192
293,0.251547635273255
294,0.327283179925416
295,3.14837268841802
296,0.428830038110732
297,2.81165419789693
298,2.78407637163969
299,-0.198791168386606
300,2.05635658822484
301,0.374435617380186
302,4.47504285237392
303,-0.303491567901574
304,1.00539976088749
305,-1.10103369404465
306,1.23504127786873
307,-0.169325906490826
308,0.324072838121424
309,0.912459864611492
310,1.58628456096574
311,0.376675474196986
312,1.99633606511111
313,2.47646930546091
314,0.294180734643305
315,3.15409152905283
316,4.80902264991914
317,2.34208119791674
318,3.76243410246707
319,1.86776572971667
320,-0.253971124359168
321,1.87207987249622
322,2.35922184516869
323,3.29875746074777
324,0.721838875388471
325,-0.812772153363994
326,2.79333295515175
327,0.22962818048336
328,2.10703438295513
329,-1.5721316037484
330,1.99207416378044
331,1.47045885411876
332,1.96711515533264
333,2.09997553578319
334,-0.400540938773702
335,1.53376095259182
336,4.3212677361812
337,1.18037174769552
338,0.224552096514799
339,5.03604679476155
340,0.44891055782432
341,2.77729238426423
342,2.37156520436633
343,1.17102694781022
344,-0.276500607914159
345,5.21302205484903
346,0.294488791993444
347,1.58036613046283
348,0.723658452543305
349,-0.672097304106273
350,0.59392364507994
351,0.658011002363764
352,2.87084469317006
353,-0.525753775971225
354,2.12641892574061
355,1.96029971655105
356,2.55254677877861
357,0.750427360641424
358,3.98664913956031
359,3.54769570800181
360,4.50810219921277
361,1.87020704921713
362,0.660061893640886
363,-0.0371769688567838
364,0.943557434325726
365,1.75909156438195
366,-0.683326545806267
367,0.951718377607449
368,0.0944322015095622
369,4.21424108052395
370,1.38210109903912
371,1.54836106064045
372,3.04819686050905
373,1.33469736267932
374,2.19352755655927
375,0.178215361153434
376,3.76772298461151
377,0.91051960105824
378,2.94195245042283
379,1.2400162853603
380,2.71985878300165
381,0.926533407857733
382,1.01074955320428
383,0.511649913772317
384,-0.821086912748115
385,4.21717516826789
386,1.36607548412258
387,2.95701667882543
388,2.12057009367061
389,1.62129170942694
390,0.725317928365712
391,-0.807250423275264
392,1.68326973513831
393,0.572145909049482
394,0.704294430237724
395,-0.547948992160059
396,0.339986764735158
397,1.37970631673511
398,2.17122025079425
399,4.21767049107189
400,-1.28948776447805
401,-3.04939811833924
402,-0.0745500046346024
403,3.08516759694453
404,1.30769142516533
405,-0.213721752946753
406,3.69225237861463
407,-1.95562301088989
408,-0.214722740566003
409,1.47589379896635
410,1.53841688675311
411,3.0998206094464
412,2.6668715619885
413,-0.950781660641496
414,1.88286818434449
415,2.03114206223131
416,1.74026115585116
417,0.85377093297609
418,1.87148994141944
419,3.38502730637583
420,0.557830734921026
421,0.63492058779093
422,1.51959286772023
423,0.847518348892891
424,3.36821659439192
425,2.65235851917078
426,1.19139837873854
427,2.07752710621776
428,2.3321196613108
429,1.54807083545927
430,1.11536117036371
431,0.841981922923424
432,2.24071379045711
433,1.20441079513034
434,1.58896647039694
435,0.878792455903522
436,2.75213779486035
437,0.761830933464807
438,0.619693294367266
439,-1.09654035384654
440,2.75897710113259
441,1.11812680664343
442,0.260896487521677
443,4.61091248436128
444,3.01681594987144
445,1.25217283017673
446,1.76244592634578
447,-0.113798379709351
448,0.736709161985118
449,2.12346704742572
450,1.24748782259826
451,2.92149815982418
452,-0.273142368391291
453,1.38902671042206
454,-1.51031718383729
455,1.50842364326195
456,2.99791138676824
457,-1.01524724529077
458,-1.00355820524373
459,3.53102574668446
460,4.15351057019643
461,2.08369109442492
462,2.07946178015209
463,-0.344682025818997
464,1.84747432889196
465,1.17478195492345
466,1.08250817658904
467,2.88977064573896
468,2.07177711878217
469,3.52156935314531
470,2.94172596785734
471,-0.578914724607785
472,4.02081143923078
473,0.642673740700729
474,2.15061693731263
475,0.505450608263914
476,2.00627357644191
477,-0.566537175346866
478,1.94316456136198
479,2.28349976316156
480,3.27404403410128
481,4.79540951390686
482,2.1417449750445
483,1.99445876308323
484,-1.33664795041614
485,-0.244172484921819
486,3.09878693221276
487,2.81672265307031
488,1.85500489626997
489,4.44133022280357
490,1.26855165122151
491,-0.807656099488213
492,1.83053808328077
493,0.334607489909217
494,3.35708048414995
495,2.08927603503776
496,1.12378926762381
497,-0.306764664145362
498,-0.894071742050755
499,0.790707906493253
500,-0.266713620366545
501,1.8938352232035
502,0.683401979290466
503,0.315011072809739
504,2.50246905704989
505,-0.00542603487167526
506,2.44577510868953
507,1.74602750972929
508,1.93536857257789
509,1.37267762234819
510,1.54348757253558
511,0.9802601192265
512,0.875192509680346
513,2.40704075722715
514,1.37323924749455
515,3.58349710224525
516,2.99460996077084
517,4.3995388452397
518,0.289166994975403
519,1.24723227487482
520,-0.835918785977924
521,2.61724306489748
522,1.90170013307875
523,2.30018721156216
524,4.52026034751157
525,-0.932388966453573
526,0.301465598614186
527,2.95188079774812
528,-0.23261003495918
529,0.840664578693122
530,0.827632617535528
531,0.377662894002242
532,1.32384697594034
533,-2.28845766352651
534,-0.513243840532709
535,1.44038001924514
536,-1.19976193400043
537,-1.92046465330395
538,2.42379612299965
539,0.436069587092561
540,0.339065415788582
541,0.782404631441977
542,1.2606512329827
543,0.322550202634147
544,1.77314447279252
545,4.32491006492114
546,-1.37299865775833
547,2.28295435910331
548,0.294136807092514
549,0.217542185399338
550,2.55997421796451
551,1.87706882134751
552,1.7184616258744
553,0.727520658867888
554,3.04727592822474
555,0.28893781902741
556,0.0858817309758706
557,2.24953869281353
558,2.05205346472394
559,3.39726699029325
560,1.24438081399194
561,4.39553654226438
562,-0.501718428867321
563,1.82525412595373
564,1.10638832565792
565,2.70107523797833
566,3.02097912565227
567,0.209017784361549
568,1.49197612960791
569,1.12470819914358
570,-0.954279567101594
571,3.83878931934646
572,0.593262790749122
573,2.29794005390772
574,2.18995332685904
575,1.84963302036863
576,-1.57306281277897
577,0.811093394265072
578,3.07699024145745
579,0.964878650809169
580,1.12852867929632
581,1.993595121044
582,1.87344596353955
583,3.29653254537766
584,1.68467806249555
585,1.46894689462033
586,0.936133756315371
587,-0.633017956502727
588,1.07571043862458
589,1.37963291043457
590,-0.664161748114566
591,2.28030031110984
592,0.81889960237072
593,1.72470492758202
594,-0.425318311291562
595,-0.0634601166864286
596,2.1754930585904
597,-0.319346201587678
598,-0.5400622458003
599,2.30741492770903
600,1.2221779992301
601,1.25518900479256
602,1.17068879706039
603,1.63931989981734
604,1.24522422410303
605,-0.622448678006322
606,2.21685663998369
607,2.13203859019495
608,0.871174847546285
609,2.06462250248967
610,2.7848708105746
611,1.7570225860436
612,2.7350221831266
613,4.89092968823638
614,2.56852328671903
615,2.88685345780277
616,3.46391558844653
617,4.03190374114115
618,0.395520743909401
619,0.833689691233531
620,3.53762143033714
621,-1.85560536623484
622,1.30122255402102
623,1.30317788198931
624,1.50965660294537
625,2.64705334240682
626,-0.258759831000361
627,2.61101632318082
628,0.745157959665676
629,0.720545505038899
630,1.32666404410736
631,0.102220607327354
632,2.90891836994547
633,4.64103623543929
634,1.5021571515399
635,1.36986000386912
636,0.431865662553491
637,3.81941826701222
638,0.30733474358226
639,0.898129709004365
640,1.17703930131836
641,0.111461112448069
642,2.82861411705358
643,3.07350880025001
644,-0.405978177469024
645,1.16151112032185
646,1.09144586982779
647,2.74398360200678
648,4.21485315964833
649,2.40629884880764
650,-0.0675053776865298
651,0.0237087590584224
652,0.158862401342731
653,-0.329992512738499
654,0.463020646540826
655,2.59729947684968
656,1.40011702608058
657,4.14782746683841
658,1.49723945363485
659,1.78961072061941
660,1.83458661506438
661,1.60056780017294
662,-0.99241423683111
663,0.0833191656872714
664,3.44460373817515
665,1.1388325572218
666,1.06419786195772
667,5.62546014800387
668,1.50305597396937
669,1.5449947786085
670,1.40014251735624
671,0.143055304170048
672,-1.48960003961827
673,-1.4363698490813
674,1.25353882826312
675,2.46595759665979
676,3.4272831565147
677,1.35476106055341
678,-0.0886954941705653
679,0.747498156347774
680,2.71584646052281
681,2.75298630569523
682,3.74965579622335
683,1.56401875074573
684,1.31063398780179
685,2.19659242475984
686,0.782097692879233
687,1.25844533154191
688,2.66375041005585
689,3.78680146394038
690,0.617131911104252
691,0.522446168400393
692,-0.524317299933955
693,2.54742176367563
694,2.16767385097148
695,1.01221501749137
696,2.71977572506421
697,2.31932682898832
698,1.83871613730128
699,1.87626648529374
700,0.0724327481174214
701,1.44218796614314
702,1.00032568819756
703,0.56266422632666
704,0.423888764856542
705,3.2392518407504
706,2.27616107637868
707,-0.0302505744045902
708,2.17426198225985
709,1.30682576970764
710,1.24118476414048
711,3.39454439950271
712,0.795414083448236
713,4.38624671041111
714,2.37573414281223
715,2.94325593986389
716,1.69721103384154
717,4.30420183370688
718,1.60721971202179
719,1.76639095526048
720,-0.279387487781946
721,4.9274642539151
722,1.16038549788641
723,-1.83235642779596
724,2.68271741720139
725,-0.972753304997468
726,0.878489988242904
727,2.07889657237638
728,1.09358281552989
729,0.58784058961885
730,-0.317866782244209
731,2.06507653127915
732,3.63298435744582
733,1.18544625785296
734,0.79970306578582
735,0.674828436180633
736,0.852914594579715
737,1.49177365815228
738,2.36052867334638
739,0.953416715098456
740,2.80456665918371
741,0.567058120079423
742,2.56605454923761
743,1.54282827783231
744,-1.07671272596713
745,-0.558600373609124
746,-2.71630614882815
747,3.02313758590162
748,3.79328075579792
749,0.96905348626774
750,1.74976577869938
751,-0.0884014296342457
752,1.05971007830487
753,3.57652838523313
754,1.84871327565907
755,3.78458048757227
756,1.17292093715423
757,2.1143078553514
758,2.59283945887933
759,2.55821578407608
760,-0.804276611857631
761,-1.46478254571298
762,0.670053595260242
763,-1.20038119370975
764,-0.242624795611732
765,-1.21008622894556
766,3.10993169761218
767,1.66620245306694
768,3.06018394369266
769,-1.6637625605174
770,-1.3589638602532
771,1.71533714115799
772,1.73245879578781
773,1.10969610431448
774,3.5754408602254
775,0.670621473128222
776,2.6530764602071
777,0.447897933970125
778,-0.986791579768351
779,0.824294132370142
780,3.11161725055854
781,-1.76036005528431
782,2.8261574411016
783,1.7054883633931
784,1.16331050221652
785,2.09253484041028
786,1.18691635595883
787,2.35312167175107
788,1.82834116033632
789,0.011583907052227
790,3.34025148937349
791,2.84967615167943
792,-0.922722820902891
793,1.74541344828617
794,1.93684792814179
795,0.0257003572661461
796,-1.00622916263706
797,1.65759272187813
798,2.74968652862049
799,2.5367950964777
800,0.618885035812355
801,0.214280026545566
802,5.30097579306289
803,1.28314845949762
804,0.83600248167204
805,2.19409129867847
806,2.98477352034206
807,-0.576033618956671
808,-1.2795690805201
809,0.9409333306387
810,3.40139736052618
811,-0.715875943269566
812,1.93142883707367
813,1.53969020823195
814,1.7429968744575
815,-0.20549326151945
816,0.849685336868333
817,-0.692481501814655
818,0.672902961177897
819,0.50695672945244
820,0.479367840013197
821,2.0411984122843
822,1.33686443420754
823,1.99858572350536
824,-0.580839561999937
825,5.71656935024703
826,6.2782157896288
827,0.906012799322525
828,0.985705547219482
829,4.79494810808592
830,1.7227934857566
831,1.23852931217107
832,-0.159511329106635
833,2.96581350614622
834,1.83478279577366
835,1.58119510054826
836,1.10824324123462
837,1.45614427048883
838,0.44276709192377
839,1.93074848527021
840,4.09737647806878
841,2.5415285767674
842,0.695381499169571
843,1.76080016612605
844,0.226423294947381
845,1.80859212983182
846,2.89907400207858
847,1.91140302173233
848,-0.121189990212315
849,-0.165792571124712
850,1.96276673505508
851,1.40980246977074
852,0.29614197745002
853,2.95731058188653
854,-0.137109052541518
855,2.53650478513646
856,-0.483053335261502
857,3.11282781993611
858,2.19492356661431
859,1.77650597378693
860,0.349648270750322
861,1.4568145259243
862,3.19963689516976
863,0.295963161521058
864,-0.697942906271351
865,1.73626357500314
866,-1.05689932650102
867,1.35672916717476
868,4.68604145035874
869,-1.03973805604755
870,1.19816577649658
871,2.26351480424375
872,0.185627173677972
873,-1.21598754733486
874,-1.07593321339823
875,2.21383714489775
876,-0.414171948984404
877,1.11623640530991
878,0.673732153047467
879,0.492814728248504
880,-0.719699259991216
881,0.960789068277222
882,1.19884433629727
883,1.89589827048565
884,2.60478439969074
885,2.6378805738716
886,3.71621121308112
887,0.383770555928891
888,1.70393474533842
889,2.74201930106756
890,0.528138586262344
891,2.56438701817092
892,1.12495883393467
893,-3.94348303887955
894,1.46174341014694
895,-0.638386551177064
896,0.68538982493601
897,0.465921529874436
898,4.01417446784967
899,4.12403542353923
900,1.7198942274631
901,1.88753977528813
902,2.30996588679238
903,-0.300166768328154
904,0.604570616063711
905,0.000940257512183962
906,2.41994803379953
907,3.77415081194169
908,4.13187224095941
909,-0.226667941664232
910,1.99705170460743
911,-0.535136232009108
912,0.179202804928309
913,-1.73879203999297
914,-0.979129825498262
915,3.24173969415642
916,2.80575705300407
917,4.01148113053966
918,-0.303863972644649
919,1.54704615626179
920,2.03797364246975
921,1.31450230159135
922,1.62846381602776
923,0.212293291499464
924,5.07119599497355
925,-0.0898064552900451
926,1.70333097851926
927,1.78675467814173
928,1.01049785363284
929,1.89504952845664
930,1.84219163529497
931,0.162815390888227
932,4.18144894268562
933,0.315960265382841
934,-1.95414630526727
935,3.52863603530432
936,0.953792118824367
937,6.08389704969989
938,2.58639768525347
939,2.44755039446227
940,0.885485747248367
941,1.78610819784353
942,4.45076737833676
943,4.0677772844665
944,-0.168427140282233
945,0.760366705862452
946,0.315131335207639
947,2.54594332768102
948,0.382230142673052
949,0.764704599572724
950,-0.762243664995594
951,-1.8792939013922
952,2.07665061877833
953,1.51032934800992
954,0.0367999391431795
955,-0.802335746210815
956,0.469808271474335
957,1.32053481594335
958,2.63831793014492
959,1.96058713178127
960,2.30485501685826
961,-1.15490850752121
962,1.47998927183517
963,0.565845815016928
964,2.92423382266838
965,0.203123543693664
966,0.583071960858319
967,-0.125115536575663
968,0.433930080042046
969,2.22924388574802
970,3.40412860817082
971,2.98739620464039
972,-1.2471974834026
973,3.40833276322269
974,0.106516533523063
975,2.95407633049615
976,3.48638287293534
977,4.37680821540926
978,2.53652673053057
979,1.65680482193807
980,2.94709380940458
981,1.18685214469701
982,0.966915489878147
983,1.93617571809659
984,2.29238397994527
985,-0.125483268326093
986,0.10129962341739
987,-0.716462115493641
988,1.6556357039849
989,0.251801474499871
990,-1.68006438383873
991,-0.644661026994299
992,3.92796000561293
993,-0.551582204793249
994,3.23045656642307
995,1.2651025973089
996,3.16140050327226
997,0.275982747102375
998,3.17614356256217
999,2.53920561427549
1000,1.20232080700737
