"cancer","cov_id","beta_mean","beta_sd","beta_q025","beta_q500","beta_q975","pip"
"ACC","0",8.51068824012982,0.306301196414934,7.93192842675634,8.50252744459632,9.13492257234037,1
"ACC","0.5",-0.199746054160965,0.21468966250054,-0.636190087308581,-0.190240309582542,0.18003906043461,0.87641
"ACC","1.1",0.115513755277361,0.223427575540228,-0.0414572062695706,0.00576517111115133,0.72953611441637,0.3413
"ACC","2.1",0.0809014624077388,0.210568943514096,-0.019315147521466,0.00297447050640334,0.757577175944431,0.170835
"ACC","4.1",0.0193314043059402,0.109294097541665,-0.0208696690293417,0.000936813141690412,0.369376189204835,0.06203
"ACC","5.1",-0.0627963134834618,0.173302213887503,-0.631556736498417,-0.0026932014623025,0.020706330856453,0.171515
"ACC","8.1",-0.0152131082141249,0.0926851751943764,-0.27905492776995,-0.000872192455223256,0.0199963970090656,0.045825
"ACC","8.2",0.0233088217637515,0.115905206871011,-0.0196304123987739,0.00112830281127192,0.442529199103548,0.05707
"ACC","8.3",0.000289879131618857,0.0398293163726811,-0.021469177825331,3.08595289399061e-05,0.0217287936788408,0.021205
"ACC","10.1",-0.0420898718209525,0.147748331095717,-0.573481907363539,-0.00184424441661549,0.0203133987781624,0.11385
"ACC","20.1",-0.180556149398967,0.321591051030695,-1.04068876824231,-0.00699465450501266,0.0298793798528554,0.367295
"ACC","22.1",0.123469778715928,0.252388930856856,-0.0936349757133685,0.0054055870376847,0.821312568897235,0.348735
"ACC","24.1",-0.0269250116044235,0.141321596793689,-0.502633783035226,-0.000766451269702613,0.0536207695417993,0.11752
"ACC","34.1",0.000534984174148172,0.103929220830352,-0.227635515854429,1.45456533859181e-05,0.231359442078686,0.11413
"ACC","35.1",0.138397711136704,0.294414454824176,-0.185375791846055,0.0053712060350804,0.950615936402126,0.37002
"ACC","37.1",0.50543851227635,0.385827763739454,-0.0139966520008795,0.552097979633882,1.20531696713354,0.747325
"ACC","39.1",0.119392072229036,0.255321025637796,-0.142973289078732,0.00502409924137758,0.830160929219702,0.349055
"BLCA","0",7.12787410865915,0.0934879093672479,6.94531239288886,7.12765292409229,7.31123524232595,1
"BLCA","0.5",-0.393501829476596,0.0952922428112448,-0.581703596169114,-0.393290495800638,-0.208157484950635,0.999955
"BLCA","1.1",0.0194160798146853,0.0629985532115678,-0.0233998767948235,0.00239451970144111,0.230652254558366,0.164725
"BLCA","2.1",0.0277193330778408,0.075780849753938,-0.0169315691912664,0.00383703649444362,0.284763420367984,0.127635
"BLCA","3.1",0.00184719534416687,0.0171891507746815,-0.0191429786290557,0.000921442496400945,0.0226326273601967,0.016655
"BLCA","3.2",0.00366541727548353,0.024718176988957,-0.0188418729547631,0.00128337771292112,0.0259781765652394,0.02399
"BLCA","4.1",0.000391275351239325,0.0147803051913996,-0.020148747491047,0.000207469572077358,0.0209578949135687,0.014665
"BLCA","5.1",-0.0110507886807411,0.0463030399069533,-0.180099452871795,-0.00187761944746805,0.0189392090180262,0.07268
"BLCA","8.1",0.000841293315853007,0.0138136761269448,-0.0194001273847104,0.000541652128302816,0.0208536828060789,0.008665
"BLCA","8.2",-0.00167734996559462,0.0152417443072249,-0.0219033626747812,-0.00100952427232357,0.0187511330078741,0.01118
"BLCA","8.3",-0.000984601514293747,0.013706695589541,-0.0211351698334686,-0.000638311855585295,0.0192960853769125,0.00908
"BLCA","10.1",0.00191071417880692,0.0246079045678937,-0.0205569354409546,0.000487616727993359,0.0238316356506734,0.027195
"BLCA","13.1",0.00895491181196653,0.0393394561355484,-0.0195250901710072,0.001866886117225,0.147848292735819,0.073825
"BLCA","15.1",-0.0119878778326598,0.0481777866902382,-0.181399297673634,-0.00209508339164999,0.020600736348733,0.104705
"BLCA","17.1",-0.00037692119317001,0.0258225741181051,-0.0311299975266354,-7.59628168044525e-05,0.0269245971619363,0.05982
"BLCA","20.1",-0.207032812934041,0.175241665434698,-0.512180684687866,-0.238345320686121,0.0127797641885087,0.647275
"BLCA","26.1",0.0321530944082664,0.0753437495755744,-0.0178401319507747,0.00447829232416422,0.264542842010436,0.19018
"BLCA","27.1",0.0976038360238478,0.144977625437559,-0.0181931409396212,0.00935062566794339,0.434579814778219,0.38627
"BLCA","42.1",-0.00126272870983732,0.0171660055097765,-0.0221995822599644,-0.000556829375257273,0.0197768654520096,0.0184
"BRCA","0",8.76040076276708,0.0851374372479992,8.59595212562667,8.75960971890064,8.92948435144,1
"BRCA","0.5",-0.343569487533788,0.0787436131630547,-0.498377946415413,-0.343440650855357,-0.189948739762279,1
"BRCA","1.1",0.0727640134407797,0.104340373636997,-0.0161708316229052,0.0104647902344849,0.315756592785181,0.38668
"BRCA","2.1",0.000305298111907922,0.0157624376422719,-0.0205360471560373,9.44124576044137e-05,0.0211861063324329,0.017865
"BRCA","3.1",-0.000621194745785697,0.0179849379988046,-0.0208924814226188,-0.000312269196794263,0.0201166320896781,0.013205
"BRCA","3.2",0.0124596553704653,0.0466700330179675,-0.0174470446208808,0.00283106814220129,0.1895149770114,0.064185
"BRCA","5.1",0.0053070462699897,0.0315248143005168,-0.0197043757615662,0.00134798828997143,0.0868992873016336,0.048505
"BRCA","6.1",0.033961643747424,0.0729302676581481,-0.0183303791113994,0.00513360526855527,0.249516116381004,0.230295
"BRCA","8.1",-0.00168943720446323,0.0194396004917149,-0.0217521656790035,-0.000642205795759021,0.0192896122431725,0.01192
"BRCA","8.2",-0.00809492320449765,0.036787439297338,-0.128322324856975,-0.00242867948155236,0.0174336256937738,0.038125
"BRCA","8.3",0.00471644703904271,0.0245918075124391,-0.0177118820838897,0.00215308925042214,0.0275021391946947,0.022635
"BRCA","10.1",0.00219703912934313,0.0204177230850375,-0.0197056213476214,0.000792723687585399,0.0242015239635688,0.02485
"BRCA","15.1",-0.0085338791004558,0.0358325347213518,-0.133635546631181,-0.00202613038701455,0.0197008226683874,0.083315
"BRCA","22.1",-0.0017474741829306,0.0350283004102917,-0.0886259103799205,-0.000509991980463149,0.0628597814071603,0.119305
"BRCA","30.1",0.0718249064984026,0.105009893075054,-0.0162900839810504,0.0102861544990956,0.320302206810921,0.38129
"BRCA","31.1",-0.00236035874927026,0.0244189504004194,-0.0478386539221785,-0.000688086100524669,0.0222500262790991,0.057475
"BRCA","45.1",-0.00839913088986714,0.0370632883051099,-0.13530389497897,-0.00176236516216522,0.0218567946815997,0.10316
"BRCA","45.2",0.0106386567142144,0.0421803513750313,-0.0209888644246459,0.00208086728726267,0.153692339819873,0.11284
"CESC","0",8.27162032867713,0.170359633260029,7.9432239561436,8.27002487160964,8.61016247880803,1
"CESC","0.5",-0.169804588423683,0.155360090096049,-0.482659574243166,-0.166979802032324,0.0919758339083366,0.87153
"CESC","1.1",0.0166818406600405,0.079194511097248,-0.0802729469583413,0.00129137317463551,0.274457554992517,0.170105
"CESC","2.1",-0.0177919863530817,0.0787103285544816,-0.304339058489863,-0.00162348270734917,0.0196071030530807,0.072775
"CESC","3.1",0.000271104385781568,0.0297522625486316,-0.021702625505607,1.66414383422595e-05,0.0220859199248334,0.02512
"CESC","3.2",-0.00299930737115596,0.0325993964945235,-0.0241202496402545,-0.000567901930943654,0.0200368187279781,0.024155
"CESC","5.1",-0.00823354967508992,0.0516198589379567,-0.16802925665042,-0.000867774874550839,0.0214436074108729,0.062765
"CESC","8.1",0.00364755790664556,0.0338210180293773,-0.0193524943864759,0.000823854085548019,0.0239558183333853,0.019805
"CESC","8.2",-0.00157099797653177,0.0257266090582454,-0.0221565211317845,-0.000337118374327743,0.0201152794459257,0.0168
"CESC","8.3",-0.00107694775680968,0.0229356476722892,-0.0213808176964384,-0.000285657443103351,0.0199279466312497,0.01386
"CESC","10.1",0.00862713727029718,0.0525648186759391,-0.0202499471682604,0.000997690077461492,0.161202080242162,0.050515
"CESC","13.1",-0.0397483355183036,0.121507318263728,-0.449889130980846,-0.00250670480908991,0.0204347378819462,0.14813
"CESC","15.1",0.0129353522208528,0.0757883443646394,-0.0317900013678076,0.00111402490622965,0.258485950568527,0.112385
"CESC","20.1",0.0336957322201565,0.0989517429784158,-0.0251777623308622,0.00285606145903231,0.354486961069857,0.19274
"CESC","26.1",-0.0204242823801327,0.0918646651322024,-0.32424786764104,-0.00153123941580458,0.0480762616966382,0.14512
"CESC","34.1",-0.00884267644734233,0.0680820182936297,-0.220351110270362,-0.000646827389964424,0.0353154369169241,0.095435
"CESC","42.1",0.010737314024475,0.0585903201964608,-0.0195866737758407,0.00121789582546372,0.202889735393574,0.05229
"CESC","44.1",-0.0102399526985466,0.0616030136252082,-0.210606935804997,-0.000987628248619705,0.0227177048706185,0.076505
"CESC","46.1",-0.0180987239511698,0.0889115792755392,-0.316140208075034,-0.0010405697943693,0.0427915587244497,0.129005
"CHOL","0",6.98504632928637,0.293006319381236,6.41684751299882,6.98234773842502,7.56542829643695,1
"CHOL","0.5",-0.25307857643498,0.236933743333466,-0.730937549731054,-0.249374433663317,0.168814480213563,0.904795
"CHOL","1.1",0.0905220748470143,0.20800315586013,-0.0862825166997887,0.0041682769979279,0.695486287240761,0.30351
"CHOL","2.1",-0.00942806632952767,0.0813391704428551,-0.202709257703718,-0.000572646236139408,0.0229897678906474,0.057895
"CHOL","3.1",0.000758381721731085,0.0771603245138523,-0.0246897023466717,0.000135156744328257,0.0268110153879332,0.042945
"CHOL","3.2",-0.00237434270458803,0.0562423474689707,-0.0250874322224393,-0.000202816073200861,0.0224500940293799,0.034825
"CHOL","4.1",-0.00337318529501378,0.0690900773341478,-0.0360978538837644,-0.00016133378229358,0.0235616442168165,0.044625
"CHOL","5.1",-0.102604937296251,0.246018063878387,-0.861110002238321,-0.00338438184436423,0.020929299775714,0.21419
"CHOL","8.1",0.000448148934039526,0.0470206975618254,-0.0216094765139698,6.96571341107357e-05,0.0220118986331398,0.023205
"CHOL","8.2",0.0158914466569493,0.110353883472145,-0.020822312382525,0.000630985020929194,0.284270331366993,0.04642
"CHOL","8.3",0.00154232930848427,0.0764091764496341,-0.0231786350010716,-2.52422475816026e-05,0.0237440292655284,0.03267
"CHOL","10.1",0.0042188214661284,0.0837878869680823,-0.0296639440971158,0.000285274634058993,0.142682567975757,0.06182
"CHOL","11.1",0.0947054073484387,0.243917205188295,-0.343430622315973,0.00644819997919259,0.694768295886238,0.529405
"CHOL","15.1",-0.0418110912007788,0.159578565864073,-0.562432341399619,-0.00175367652272278,0.0830288470215017,0.173795
"CHOL","20.1",0.0363206633198325,0.168034429368306,-0.209929880527709,0.00153916619838324,0.551636836563409,0.2169
"CHOL","22.1",0.128154830062743,0.260678544451222,-0.105120555815022,0.00566752426732215,0.853175206156227,0.361635
"CHOL","23.1",-0.0386622147736363,0.170916737545568,-0.578041843267353,-0.0014841798577823,0.201772151471141,0.210715
"CHOL","24.1",-0.0384674645756971,0.16897780954957,-0.62163514259142,-0.00110969862787321,0.0327575827061075,0.128375
"CHOL","35.1",-0.175622575712756,0.27857245530004,-0.876220033597165,-0.0092992882177174,0.0384342358379072,0.425245
"CHOL","42.1",0.0042715600491996,0.0662003643982084,-0.0235887860375465,0.000271793271222863,0.067678002172593,0.047815
"CHOL","50.1",-0.233892195824786,0.371379104849782,-1.16275547527471,-0.00806591596886505,0.0184925911531004,0.362005
"CORE","0",7.95359805013776,0.102650121704297,7.75516445698674,7.95327664430318,8.15662493589112,1
"CORE","0.5",-0.392112371484958,0.0991437811422492,-0.588220700802441,-0.391774616060394,-0.199094240309091,0.9997
"CORE","1.1",0.00907689956440421,0.0470254405261701,-0.0307301002978638,0.00118232780179832,0.164309291102437,0.127425
"CORE","2.1",0.0132368960176631,0.0507413992927788,-0.0179001661534154,0.00247724511966235,0.203447397248868,0.06989
"CORE","3.1",0.00270908779922772,0.0218252796147908,-0.0191564471031361,0.00102960976864469,0.0243355245106278,0.0216
"CORE","3.2",0.00237563051066372,0.0215718232426193,-0.0193368271840811,0.000834825654878029,0.023580429349875,0.020155
"CORE","4.1",0.000182970986108745,0.0157870916336405,-0.0205626170735528,0.000133401783542299,0.0208552884388001,0.01615
"CORE","5.1",-0.0151232266948645,0.057506344062248,-0.225658802531434,-0.00213921507335153,0.0191120738764037,0.08796
"CORE","8.1",-0.00398023067215313,0.0258102496076116,-0.0250038357728392,-0.00151787847879513,0.0183059396285676,0.01919
"CORE","8.2",0.000461921032725439,0.0135333752719496,-0.0197257440164277,0.000253790305154889,0.0206284697194098,0.008705
"CORE","8.3",7.51790863006423e-05,0.0138343722279024,-0.020117410606144,3.48143265805756e-06,0.0202523770829589,0.00897
"CORE","10.1",-0.000408799654152594,0.0200671674034708,-0.0219828775007409,-8.768454786898e-05,0.0214132041255921,0.02437
"CORE","13.1",-0.00416899467662101,0.0358158151193556,-0.0961342124631154,-0.000740787338316393,0.0229755727626137,0.063355
"CORE","20.1",-0.147634867872737,0.155475232550152,-0.441434419563487,-0.119760502349973,0.0151324264881056,0.53602
"CORE","23.1",-0.0937253821727661,0.142648709084501,-0.42333767730613,-0.00846697884352728,0.0178627679545323,0.3591
"CORE","24.1",0.00141820374749186,0.0233523415008559,-0.0216848389271302,0.000506358379258525,0.0259460092213888,0.03995
"CORE","25.1",0.0045592282616963,0.0305075052432714,-0.0204232007704841,0.00106901063137484,0.0784677569776871,0.05099
"CORE","28.1",0.0164249436608259,0.0598161237179251,-0.0193950771297017,0.00230124755508767,0.231091509416392,0.10191
"CORE","29.1",-0.00202220679524868,0.0268965758937632,-0.0490018566999458,-0.000444646872158872,0.0237941073781076,0.059835
"CORE","42.1",-0.00724934621322822,0.0374004631025717,-0.11764465890921,-0.00168474999075767,0.0185234380676035,0.042595
"CORE","50.1",0.000292719389992152,0.0232293762502209,-0.0238207431776467,0.000126277425897428,0.0247816641506736,0.044145
"DLBC","0",8.25078734038949,0.3981943186189,7.51206684262447,8.23521729909409,9.07761562825384,1
"DLBC","0.5",-0.143443219997169,0.240385952618097,-0.640107990058758,-0.1181854826836,0.316150129690811,0.86314
"DLBC","1.1",0.0343907794101925,0.167136042341437,-0.244879883488244,0.00144993327693571,0.527108688582827,0.24495
"DLBC","2.1",0.00248581724755257,0.0808080028595717,-0.0301369018675394,6.65842760303023e-05,0.0991000321305535,0.057365
"DLBC","3.1",-0.0279123921086509,0.152825579578648,-0.530371618431994,-0.000802994586916216,0.0216067020714275,0.070555
"DLBC","3.2",0.0132152259357834,0.108884338388683,-0.0224222898215793,0.000473158734973837,0.262185599125826,0.05405
"DLBC","4.1",-0.00626081282855,0.084262214363502,-0.116726830690014,-0.000145173258678394,0.0238733910113234,0.05015
"DLBC","5.1",0.0236882637610633,0.133073710426242,-0.033379419114019,0.000971249503291792,0.449604980604868,0.1062
"DLBC","8.1",-0.00755458899549628,0.0789390734221713,-0.0278398352561396,-0.000361828880138963,0.0208312729752684,0.03144
"DLBC","8.2",-0.127636142882365,0.360097026680069,-1.338548277409,-0.0024653007907875,0.0195726207366215,0.151715
"DLBC","8.3",0.00265123298814113,0.0758512573814143,-0.0219582411000398,0.000132703257041076,0.023893905916599,0.030225
"DLBC","10.1",-0.0128789755687404,0.107742996638324,-0.312710795474697,-0.000498352126204353,0.0256725212735257,0.072625
"DLBC","20.1",0.472331349367648,0.496273644594889,-0.0173718054333406,0.398283852976498,1.55931980322389,0.620295
"DLBC","22.1",0.0178738575209869,0.191693535303013,-0.407562908265486,0.000554681934431165,0.538247419578331,0.27541
"DLBC","23.1",0.0205192720337695,0.144625298097123,-0.242899150177238,0.000872190327684954,0.46210108694174,0.19232
"DLBC","36.1",-0.0662361182041414,0.308451998193669,-1.0941765358709,-0.000996627149420743,0.159139423367508,0.142085
"DLBC","39.1",0.0501215716549133,0.208527988394102,-0.313821436927606,0.00198452165982405,0.654740216166804,0.30013
"ESCA","0",6.97932837865128,0.15897984147049,6.67016677979255,6.97797602743353,7.29434586410446,1
"ESCA","0.5",-0.362269481298808,0.157964591370193,-0.669696666601008,-0.364706535740859,-0.0144574069562126,0.98225
"ESCA","1.1",0.00793206749306278,0.0606220036612209,-0.0841002140946224,0.000667094272567973,0.194695201727131,0.142935
"ESCA","2.1",0.00661351453284374,0.0459657928958539,-0.0203324728769749,0.000787709977516621,0.115903991290743,0.04454
"ESCA","3.1",-0.0310477256302644,0.106751433710157,-0.420876417339041,-0.00226248908062423,0.0186621385807847,0.09757
"ESCA","3.2",0.00132459612827573,0.034260568396383,-0.0215190125348865,0.000147233572712142,0.0228391346265295,0.026095
"ESCA","4.1",-0.0782013200777608,0.173422008272431,-0.591069203698579,-0.0044068146681512,0.0174967413415659,0.198985
"ESCA","5.1",-0.00193838696595081,0.0357144364842668,-0.0328202171062259,-0.000183512288423798,0.0233762098188411,0.048115
"ESCA","8.1",0.00944643072178033,0.0789271515241153,-0.0198121458269236,0.000551474479614104,0.0280656110677614,0.02775
"ESCA","8.2",0.00273227935270142,0.0292881752715101,-0.0196491197561723,0.00058676729399083,0.0231629991829737,0.018575
"ESCA","8.3",-0.00949997799599627,0.0541635540970249,-0.156597882704001,-0.00135120393019598,0.0187656413670463,0.036475
"ESCA","10.1",-0.0160836763259444,0.0713423673573146,-0.276342416648465,-0.00149252567823836,0.0196207706682655,0.072285
"ESCA","13.1",0.00655464267929777,0.0736171125231108,-0.0581722741757689,0.000563662132349632,0.202220799629496,0.0908
"ESCA","15.1",0.00704453462786401,0.0665500727137684,-0.0575302193344173,0.00062096830362473,0.19309539120031,0.100995
"ESCA","20.1",-0.0271291422274291,0.106930442782837,-0.365145397323742,-0.0018811579960558,0.0725665738783612,0.18312
"ESCA","23.1",-0.00463244519225827,0.0832289738512736,-0.225528422142827,-0.000460239877309006,0.159716990501033,0.14753
"ESCA","24.1",-0.0342900606906554,0.102893953282865,-0.386266069318104,-0.00259832776212345,0.0196539275128934,0.14058
"ESCA","25.1",-0.0181194525427931,0.0838541476035016,-0.309947808847424,-0.0014338415248494,0.0220032290126605,0.09517
"ESCA","26.1",-0.00997071483074462,0.069934994843798,-0.221849006523844,-0.00086849654439665,0.0569928059059722,0.11705
"ESCA","28.1",-0.00652164303978164,0.0600101556938373,-0.175364583015464,-0.000546183816008994,0.0417131926658696,0.089635
"ESCA","42.1",-0.0232032072879572,0.107237260485084,-0.356803130891986,-0.00165474587498255,0.0191485165979752,0.071475
"ESCA","44.1",0.00715393621820685,0.065885325967595,-0.0273710780025138,0.000571372089462815,0.188493668756389,0.07925
"HNSC","0",7.01747212638301,0.10604927220444,6.81086312893014,7.01745670952105,7.22619971433673,1
"HNSC","0.5",-0.31128924959393,0.105077052983465,-0.515075759223456,-0.312015450135304,-0.102460781562365,0.994705
"HNSC","1.1",0.041900536188247,0.0914446577426453,-0.0196633741305259,0.00477696375164866,0.310033763423267,0.246245
"HNSC","2.1",0.00904586985187187,0.0592374193512172,-0.0210261464716555,0.000512172318378029,0.185310420383914,0.05052
"HNSC","3.1",-0.00122193352492988,0.0188028038175792,-0.0219980263918558,-0.00047833847864966,0.0199120142088357,0.01701
"HNSC","3.2",0.000364708595651136,0.0174906129641917,-0.0205024685254842,0.000171631398643921,0.0209893322120809,0.015085
"HNSC","4.1",0.00357143418074246,0.0254598808314848,-0.0190501057134103,0.00118423525106113,0.0269336157983891,0.02696
"HNSC","5.1",-0.0021602848713768,0.0259444326959192,-0.0281128833853962,-0.000429076407201516,0.0213146649868758,0.039085
"HNSC","8.1",0.0028357255024594,0.0229934213603161,-0.0188449572178462,0.00107347697686107,0.0233566184053005,0.01656
"HNSC","8.2",-0.000100147990722743,0.0149955963019063,-0.0202612804893017,-6.55303849421104e-05,0.0202929524329404,0.010895
"HNSC","8.3",-0.00110105060782106,0.0160889540640202,-0.0212338080397343,-0.000534279405833386,0.0193477511123529,0.01012
"HNSC","10.1",0.00201907304604068,0.024432331759181,-0.0204794559454726,0.000600558750955899,0.0241855570712077,0.027455
"HNSC","13.1",0.000615126955942417,0.0389869317366643,-0.0278258014549604,0.000344876955121455,0.0542621571586166,0.061945
"HNSC","15.1",-0.00470020752896587,0.0574382361414716,-0.13060261663884,-0.00010994218301155,0.0539713643623311,0.085645
"HNSC","20.1",-0.0595169478552304,0.119489332106584,-0.395822640983526,-0.00532842348587724,0.0191023563421336,0.26579
"HNSC","24.1",-0.00139277642981974,0.026524104630598,-0.0280938797742742,-0.000253012628069885,0.0227520103233817,0.044565
"HNSC","26.1",-0.01929350796706,0.0663901728785835,-0.243501715962001,-0.00240829718399541,0.0206256399315013,0.13074
"HNSC","31.1",-0.0648737301915048,0.12184009632239,-0.39622457749792,-0.00648910137501743,0.0169307534046438,0.270065
"HNSC","34.1",-0.324315234929375,0.176212921363432,-0.596649172687645,-0.361173088330633,0.0077464569768294,0.833055
"HNSC","36.1",0.00669785170524887,0.0383759571703927,-0.0200483570838316,0.00126101730322619,0.122232743119001,0.054285
"HNSC","42.1",0.00184792023108483,0.021268462774145,-0.0199812416795229,0.000634137491845606,0.023471196658482,0.022935
"HNSC","44.1",-0.000354412944614831,0.0304630228345432,-0.026747521956827,6.82403014321829e-05,0.0262184117994536,0.051445
"HNSC","48.1",0.00240860415372978,0.0304237006705376,-0.0225603018035583,0.000482083215870361,0.0469637124576083,0.05164
"KICH","0",9.51503869422134,0.336979251110516,8.89125682279019,9.50114158120754,10.2158530311707,1
"KICH","0.5",-0.348358935886391,0.249710629886874,-0.840851965844557,-0.350516087661037,0.0923576871496073,0.93938
"KICH","1.1",0.11799499601592,0.227588171241651,-0.0423853067455075,0.00598599839296839,0.747540600441793,0.345045
"KICH","2.1",0.0934189865885319,0.241810719538525,-0.0193704937119377,0.00298669598157591,0.872631755660342,0.17251
"KICH","4.1",-0.00459929458508802,0.0646238517292263,-0.0639465921720481,-0.000263080233654883,0.022924279980082,0.04513
"KICH","5.1",-0.00427580864580902,0.0812111329888937,-0.191154418366504,-0.000151188249483355,0.0841605217965014,0.081535
"KICH","8.1",-0.05130638727829,0.19992055740531,-0.768043465094181,-0.00155955741062755,0.0193862526978009,0.087205
"KICH","8.2",-0.00671378127933002,0.0650175693433132,-0.0299840255094903,-0.000427048815995672,0.0207832002162646,0.033115
"KICH","8.3",-0.0168781069008725,0.108345098752116,-0.296601517793218,-0.00078597821548645,0.0200469707115268,0.045095
"KICH","10.1",-0.0079524893095747,0.077648743333266,-0.191466325002299,-0.000420046239087992,0.0242750949891455,0.061925
"KICH","14.1",0.0880515069133147,0.230519545971103,-0.301727997067886,0.0051175280545516,0.688179730866076,0.43501
"KICH","20.1",-0.0608293421009526,0.17438564591222,-0.603524236302947,-0.00280816752292563,0.0932778953377559,0.23933
"KICH","22.1",0.568093916179327,0.345427670648788,-0.0101014773431851,0.61351886038571,1.17369040036079,0.834545
"KICH","24.1",-0.112199127404093,0.243139634795174,-0.824620838989853,-0.00403097396757289,0.0204009425084187,0.23975
"KICH","50.1",-0.0111077424143689,0.114422482144915,-0.342143203876488,-0.000343223400124743,0.146997256959508,0.11278
"KIRC","0",7.97413473936038,0.0906695664407555,7.79813638781912,7.97337825672653,8.15404366616612,1
"KIRC","0.5",-0.452852574324537,0.0864030718844871,-0.622431979296949,-0.452783425016579,-0.283682106881714,1
"KIRC","1.1",0.00402430680822912,0.0514541228473208,-0.0994597594892804,0.000637214884476546,0.151035329117473,0.1418
"KIRC","2.1",0.00155718089313595,0.0182135312189556,-0.0198518004830237,0.000625859558522004,0.0231487868638118,0.02229
"KIRC","4.1",0.00486056919062486,0.0259094309238511,-0.0182358285868425,0.00186821465357295,0.0325642881739353,0.029255
"KIRC","5.1",-0.00533373216343239,0.0282403504514295,-0.0845633653151904,-0.00157714218338049,0.0189733687942044,0.04699
"KIRC","8.1",0.000535884187854951,0.0137241421506661,-0.0197952383391008,0.000345429046810843,0.0207652657229846,0.009245
"KIRC","8.2",0.00203113060425397,0.016692590875421,-0.0187105439867336,0.00110910406941822,0.0223678979169119,0.01287
"KIRC","8.3",-0.00118000529528377,0.0136906365475809,-0.0212378888213829,-0.000750377644382718,0.0190237952670489,0.00881
"KIRC","10.1",-0.000395982250219128,0.0153399893145194,-0.0212257427348483,-0.000191131960597459,0.0203506557750694,0.01812
"KIRC","11.1",0.36587683244734,0.17657581427718,-0.00330150803573962,0.373071147167647,0.691309339811055,0.919905
"KIRC","14.1",-0.292008266697105,0.164710178814478,-0.591004419581611,-0.308556625436732,0.00702077293226973,0.856935
"KIRC","22.1",0.126737150317627,0.145275740469201,-0.0143705987685574,0.066569009903151,0.456848681783061,0.525345
"KIRC","24.1",-0.0225606854218977,0.0746768018151115,-0.290055838038846,-0.00218608986944102,0.0194607036080064,0.113045
"KIRC","31.1",0.118935509137657,0.138994276553539,-0.0136691031571125,0.018338733829502,0.40142552901159,0.46965
"KIRP","0",8.77881368056615,0.191263239103884,8.41388420535495,8.77497393277569,9.16436374899565,1
"KIRP","0.5",-0.201432746143795,0.161624472326624,-0.522942833612393,-0.201753772136001,0.0694107905773248,0.895905
"KIRP","1.1",0.0677552843965596,0.163393286635513,-0.0764206949660204,0.00340844670707518,0.542273672849329,0.27157
"KIRP","2.1",0.00297688338667575,0.0336584738469617,-0.021020328301953,0.000417214401568279,0.0271168897153407,0.034
"KIRP","4.1",0.00387006966412734,0.035589887954007,-0.0203182246971566,0.000673432903615807,0.0282468732959584,0.03237
"KIRP","5.1",-0.0421532608167053,0.121859604422697,-0.455853584261491,-0.00268714718449561,0.0193833962137626,0.145935
"KIRP","8.1",-0.00785344965019212,0.0591669749121217,-0.0429511608870887,-0.000727060467985054,0.0198539259281084,0.031755
"KIRP","8.2",-0.00232571777904657,0.0286920119055497,-0.022518890981124,-0.000491271949082966,0.0197413567074766,0.017185
"KIRP","8.3",-0.00327913328453662,0.0328898155863523,-0.0239998903110852,-0.000647022082160197,0.0197715944460345,0.02146
"KIRP","10.1",0.0218644348608919,0.0827956658312019,-0.0188417924087836,0.00204487507682422,0.330358282938932,0.08639
"KIRP","11.1",0.344061139621827,0.300655907804156,-0.0170662450830529,0.328811778367894,0.95877270097176,0.74662
"KIRP","14.1",-0.0335548718490714,0.122024391464326,-0.374228120543769,-0.00271668846707212,0.181884844314741,0.340995
"KIRP","20.1",-0.0118796854335724,0.0730537055174412,-0.245146954258054,-0.00100356685486901,0.0844152188541661,0.146965
"KIRP","22.1",0.796629038513352,0.440209867359607,-0.00983781900482404,0.894391797144925,1.46316864213926,0.84881
"KIRP","24.1",-0.635661885202231,0.376229852041941,-1.23200101602821,-0.715585624384139,0.0105312354779074,0.807425
"LGG","0",8.29440423628412,0.117463110216676,8.06876988794502,8.29349672381605,8.52819066552797,1
"LGG","0.5",-0.421585883938094,0.113614961028282,-0.642051069593385,-0.422139289247421,-0.197849024141242,0.999045
"LGG","1.1",0.0263128070285994,0.0814243531425654,-0.0308468510469538,0.00240980649768609,0.290856238483596,0.19174
"LGG","2.1",0.00345029718114265,0.028047131968651,-0.0197661271136054,0.000814377192604207,0.0276414341705887,0.0307
"LGG","4.1",0.000795064305721552,0.0172478839414809,-0.0202051373988624,0.000399253425077557,0.0216306276459473,0.016885
"LGG","5.1",0.00111483627029659,0.0229069651439272,-0.0216976938963339,0.000442293193204536,0.0244234870327373,0.03608
"LGG","7.1",-0.0229487855104869,0.0715849464437252,-0.261553126473847,-0.0026530413556176,0.021829926029965,0.161815
"LGG","7.2",-0.463072713944254,0.204335097818534,-0.772021904231227,-0.504296533625551,0.00402840719789945,0.915445
"LGG","7.3",-0.0292350484161752,0.0788714455875452,-0.284431725072506,-0.00331103179219034,0.0212641645002409,0.188565
"LGG","12.1",-0.125803031472706,0.174769599395042,-0.539937219768749,-0.012495129619156,0.0175112635674059,0.44038
"LGG","12.2",-0.00739163112990654,0.0454732773681585,-0.153000885741765,-0.00110827477773843,0.0290402965666452,0.110015
"LGG","12.3",-0.276238509750086,0.166217559461067,-0.553255929188842,-0.304200579265454,0.00918618159528131,0.82391
"LGG","34.1",-0.00674713936569977,0.0399140943041183,-0.123672459626743,-0.00106018566315581,0.0208999358755284,0.064465
"LGG","38.1",-0.00286305010403062,0.0344296729744229,-0.0917241683299406,-0.00051092120723097,0.0344283724701054,0.09086
"LGG","38.2",-0.011060663090378,0.0490350385842853,-0.178167169463502,-0.00156739799736578,0.0238525045255419,0.119285
"LGG","38.3",0.00240930937904245,0.0270162370194761,-0.0252755975339691,0.00058008804388271,0.0650730946519408,0.07502
"LGG","50.1",-0.000701829458701333,0.0244712036253739,-0.026887392149328,-9.61778831771049e-05,0.0237022389172771,0.047745
"LIHC","0",6.77198508421462,0.122268195711025,6.53298938936316,6.77171154824266,7.01313259012112,1
"LIHC","0.5",-0.0759077178435767,0.111789147228108,-0.317195930205489,-0.0540700440679601,0.119714050631346,0.778305
"LIHC","1.1",0.272333339215073,0.22196883178747,-0.0131549783968862,0.302768994529272,0.665759613771968,0.689375
"LIHC","2.1",-0.000681384844365189,0.0247129221318123,-0.022691421046856,-0.000229425736077135,0.0211756233334627,0.02586
"LIHC","3.1",-0.0293989877983729,0.121722703349072,-0.420550702732674,-0.00222575456936615,0.0185181814642299,0.081175
"LIHC","3.2",0.00324231096409955,0.0342045405417853,-0.0202444279352894,0.000506856786084098,0.0256648076305812,0.027995
"LIHC","4.1",-0.0347614216763122,0.0978625766842161,-0.367955747785886,-0.00338458605929048,0.0175902719593404,0.12728
"LIHC","5.1",-0.00203630598146683,0.0338681076162608,-0.034162440170644,-0.000240999343120643,0.0231341120424925,0.047175
"LIHC","8.1",-0.00266163543756466,0.0251260352223189,-0.0229442340635433,-0.00079056524400084,0.0192634038896283,0.016425
"LIHC","8.2",0.000987503086503434,0.0183608891369587,-0.0197783476084929,0.000363549606573613,0.0213802835732703,0.01245
"LIHC","8.3",-0.00299745288757816,0.0259468432961058,-0.0235785666435829,-0.000868205792304951,0.0190090155799758,0.01785
"LIHC","10.1",-0.142586712141902,0.192407792635546,-0.553057285338565,-0.0111851757034382,0.0155029668578888,0.393605
"LIHC","11.1",0.21555005278522,0.223545548636059,-0.0605113072294731,0.198489259845791,0.646366304144057,0.66189
"LIHC","17.1",-0.0261998806030643,0.07622821727714,-0.287130938472102,-0.00301361472689207,0.018990721418875,0.142775
"LIHC","20.1",0.00168552534953773,0.0408976012812517,-0.0725587511356949,0.000317397452352564,0.101482080644554,0.107275
"LIHC","22.1",-0.00346924067872697,0.107806644806619,-0.228869461226937,-0.00167942521150933,0.22744619514993,0.19261
"LIHC","34.1",0.0219978657677237,0.0788394593869536,-0.0207695619728661,0.00213544056353647,0.301523539711969,0.11915
"LIHC","35.1",0.065868431295717,0.141320103046364,-0.0525379539251827,0.00485307729400164,0.457965225639559,0.308175
"LIHC","50.1",-0.00907867431242017,0.0513522783750964,-0.180276685727919,-0.00106470972284236,0.0219988766461274,0.0767
"LUAD","0",7.39185690158307,0.0940977109743634,7.20906315589429,7.39146154705054,7.57774374631101,1
"LUAD","0.5",-0.213476760881474,0.096617764778806,-0.396952332138171,-0.215982984298517,-0.00351488736814576,0.968455
"LUAD","1.1",0.112961420962771,0.135185428066826,-0.0151868077440955,0.0182685876199827,0.39813538261328,0.481335
"LUAD","2.1",0.00182005971702019,0.0196129753548897,-0.0196450075895463,0.000690309003851099,0.0233253792662408,0.022105
"LUAD","3.1",0.00633432533400149,0.0338459513388036,-0.0183776430807617,0.00176366500167339,0.086269360301597,0.03496
"LUAD","3.2",0.00686488670518882,0.0354519569134904,-0.0183271549774261,0.00182366137702426,0.101516997472637,0.036915
"LUAD","4.1",0.00258048974074249,0.0203594118078665,-0.0190919227070507,0.00110245603085931,0.0239400653923698,0.0204
"LUAD","5.1",-0.0211170378550664,0.0686022958104126,-0.26573350384205,-0.0026657480885837,0.0184847280877815,0.10946
"LUAD","8.1",-0.00144888632426802,0.0158193440860831,-0.0215553474591418,-0.000805010450386213,0.019155033742953,0.011015
"LUAD","8.2",0.0012791836877616,0.0150751098163837,-0.0191835579523667,0.000688537328720308,0.0214993658196276,0.010605
"LUAD","8.3",0.00077152272687801,0.0139025617746547,-0.0194701621398563,0.000459275847440557,0.0208795557164453,0.009145
"LUAD","10.1",0.000613474001775823,0.018568078538828,-0.0207549441575024,0.000318680113471392,0.021791810798586,0.02216
"LUAD","15.1",-0.108865449262109,0.141574167105875,-0.413731728885025,-0.0129049867195717,0.0149441833905725,0.418795
"LUAD","20.1",-0.00875408855778587,0.0435105872236025,-0.153700004810963,-0.00134105229990116,0.0247856219274414,0.11292
"LUAD","24.1",0.00818109548819582,0.0398913427280098,-0.0195520574001753,0.00175719664158337,0.140514584029236,0.063535
"LUAD","31.1",-0.00338567100750919,0.027282885322611,-0.0670857976456771,-0.000902107773376291,0.0220835741664903,0.06243
"LUAD","32.1",0.0160192186963198,0.0583021879818463,-0.0214806409700513,0.00231901113419727,0.217571731426296,0.126395
"LUAD","34.1",-0.0298660616151604,0.0729856503716543,-0.262367767973817,-0.00427638419260374,0.0174653958538144,0.168225
"LUAD","41.1",0.0713588437532205,0.112384622604293,-0.0171665795303318,0.00876704161078892,0.349707853509979,0.35666
"LUAD","42.1",-0.00164765838895551,0.0193001630068897,-0.022776356961144,-0.000637627952455945,0.0196762518668298,0.02017
"LUSC","0",7.29655801028013,0.0992903720658919,7.10379876420165,7.29620889054405,7.49279503337058,1
"LUSC","0.5",-0.22521844957635,0.102474729615204,-0.420459195992964,-0.228475865802108,-0.00343994720726566,0.96899
"LUSC","1.1",0.00601367284357411,0.0429319141711473,-0.043240780758063,0.000755177426544381,0.138385898149295,0.119175
"LUSC","2.1",-0.0178890466646812,0.0593439549741033,-0.236644656210899,-0.00317708890676537,0.0172929065067757,0.08744
"LUSC","3.1",-0.00041319970077721,0.0244859490184533,-0.0208979460480464,0.000192104056206861,0.0210502969458283,0.017425
"LUSC","3.2",-0.0125715343494443,0.050642379197068,-0.204764990562197,-0.00252426865187449,0.0177402922788332,0.059235
"LUSC","4.1",-0.00455630331054305,0.027750559489311,-0.031660135397447,-0.00143166413087663,0.018712588696564,0.029805
"LUSC","5.1",-0.00403376424870468,0.0287991780921243,-0.0567083396829864,-0.000953357544959177,0.0201811957241552,0.04285
"LUSC","8.1",0.00265461663477745,0.0196346017134495,-0.0184704484120889,0.00127429945639553,0.0230387033033111,0.014455
"LUSC","8.2",-0.0029993904810676,0.0215677307261816,-0.0237271224924472,-0.00132733574240842,0.0184555706989009,0.01648
"LUSC","8.3",0.000787756161902115,0.0143690401782088,-0.0194772014827396,0.000431024711270902,0.0207358815063146,0.009375
"LUSC","10.1",0.00432832360181488,0.0277056005791728,-0.0192195897940025,0.00126498241047623,0.0395225357145659,0.035065
"LUSC","13.1",-0.0319835506790286,0.0857824255986913,-0.310200087814672,-0.00372571561026389,0.0180738715840612,0.15345
"LUSC","15.1",0.00359676860760683,0.0360770789111334,-0.0245736875953142,0.00081894071669413,0.0967149407771199,0.073165
"LUSC","20.1",-0.0214290792091712,0.0637474212942805,-0.235743408346049,-0.00296093988252393,0.0202990278728542,0.15801
"LUSC","24.1",0.0133269168887171,0.0540050910916271,-0.01891391252933,0.00214716042049287,0.202518896018014,0.08002
"LUSC","26.1",-0.00224251226671969,0.0339639589810901,-0.0825709159744431,-0.000493944022386153,0.0327619521020792,0.08313
"LUSC","31.1",-0.00259647960367088,0.0293696323020406,-0.0676189094772342,-0.000572222430008088,0.0243471823040015,0.06658
"LUSC","32.1",-0.0268314139764676,0.0738044491674236,-0.273433010334125,-0.00342503488272717,0.0188797565145763,0.157635
"LUSC","34.1",-0.00238715961437412,0.0263237068031337,-0.0451485247903104,-0.000552032737120418,0.022232036690569,0.05101
"LUSC","42.1",0.00182965811216376,0.0197792765195662,-0.0195613470599421,0.000751538272869073,0.0229936105800366,0.020565
"LUSC","44.1",-0.000431185612192869,0.0382171069721328,-0.0407678264560102,-0.000371278993112593,0.025778644987679,0.056355
"MESO","0",6.29460915630601,0.178733588337255,5.94486369267468,6.29444880802452,6.64545078072465,1
"MESO","0.5",-0.0366440232443639,0.143244882327593,-0.343894400590542,-0.00936256943729604,0.250899381473103,0.77988
"MESO","1.1",0.0230181094966256,0.0914300295912952,-0.0735362297106655,0.00169434328572034,0.319622543114423,0.185385
"MESO","2.1",-0.00521482738469009,0.0504913260298502,-0.0792674381466026,-0.000682573563515477,0.0215238597289316,0.04406
"MESO","4.1",0.0103242862861052,0.058666059101237,-0.0196054710905802,0.00121280815519891,0.192418488768396,0.047175
"MESO","5.1",-0.0029073245590554,0.0476685601017889,-0.0876905396527327,-0.000197744271151421,0.026355824333315,0.060755
"MESO","8.1",-0.000501599656318796,0.0235250151403655,-0.0210528537091436,-8.29035218555611e-05,0.0204694022513833,0.01371
"MESO","8.2",0.00312460220549619,0.0341208101311415,-0.0198699592179516,0.000553528075301446,0.0233649897004557,0.02021
"MESO","8.3",0.00213732462385441,0.0368433284240473,-0.020484477789906,0.000189174132288305,0.0222359947112433,0.01947
"MESO","10.1",0.00188045058891242,0.0453128034783445,-0.0234919546106804,0.000283340243924347,0.0290331932316831,0.043915
"MESO","20.1",-0.0494988577613087,0.133411889831416,-0.46194498415642,-0.00312719080069588,0.0302447276928789,0.224335
"MESO","22.1",0.0574579839183631,0.147760670876418,-0.0577780085455995,0.00345490471106772,0.506580007103631,0.262915
"MESO","24.1",-0.00563164289238057,0.0717997124888852,-0.172612148332524,-0.000142191197492089,0.0503116834894147,0.07821
"MESO","32.1",0.00229391019781236,0.0835647442714503,-0.174077677218348,0.000364705015314491,0.212505972428852,0.130005
"MESO","34.1",0.0191347811796499,0.0821223750678076,-0.0227611770580469,0.00155313846712093,0.309699356663588,0.108215
"MESO","36.1",0.0182180358514473,0.078122626876374,-0.0205699031389691,0.00148435569099314,0.301612002137808,0.08827
"MESO","39.1",0.00576326344173823,0.0931084419938676,-0.207352698836748,0.000315867163812066,0.260075683054454,0.21226
"MESO","46.1",-0.192720376102192,0.254197759362975,-0.753383764733779,-0.0125587002132078,0.0168224582527367,0.435465
"MESO","49.1",-0.00966557276544448,0.0827788654912999,-0.244693439722279,-0.00043901397459408,0.0572565557628366,0.09441
"MESO","50.1",-0.0371735064385341,0.117629971940638,-0.441739743335955,-0.0022799558439456,0.0206683093323614,0.14102
"OV","0",7.26342916425252,0.101632125431737,7.06424864202911,7.26309696777634,7.46312116453827,1
"OV","0.5",-0.297835070319887,0.103576007869663,-0.497694339199862,-0.299033675535343,-0.0893012999083589,0.99335
"OV","1.1",-0.00558899411718637,0.0403173724796465,-0.1289814960811,-0.0011126495081184,0.0401456197674354,0.11534
"OV","2.1",0.00190266758024949,0.0209369131044209,-0.0200399982034154,0.000596734660814142,0.0238744365627572,0.025205
"OV","3.1",-0.00378506597090971,0.0294889369070701,-0.0271564722838343,-0.00110580077342817,0.0192229331438484,0.027255
"OV","3.2",0.00585118290283799,0.0330249927999537,-0.0185694317627797,0.00159609916869789,0.068078592884369,0.03324
"OV","5.1",-0.0276807638329508,0.0770082235009659,-0.28934826553327,-0.00345673510046007,0.0178679164144247,0.13699
"OV","8.1",-0.0021214230142905,0.0187566390569122,-0.0222438891751515,-0.000963870045311038,0.0188148953816984,0.012945
"OV","8.2",-0.00462872530847685,0.0300423383778071,-0.0271135549463002,-0.0013872048848845,0.0186028829960807,0.02416
"OV","8.3",0.000967084033182173,0.0151398281594606,-0.0195313439061879,0.000531661743958096,0.0210597697711996,0.00984
"OV","10.1",0.0212350398816548,0.0682762546795937,-0.0175929068925901,0.00307279050043102,0.269556842096825,0.098815
"OV","20.1",-0.0115192224766127,0.0485815941650013,-0.179183505079091,-0.00171263330937448,0.0236770995404008,0.124115
"OV","24.1",-0.0180989281659813,0.0628401714728674,-0.239049279176995,-0.00256608051361499,0.018667096272631,0.102325
"OV","29.1",-0.00770426314206236,0.0402045132348739,-0.139632425842658,-0.00136367631337715,0.0213565098725309,0.080715
"OV","33.1",-0.0110802623184477,0.0476219128148325,-0.180140901209589,-0.00181324408720804,0.0201271332413652,0.08667
"OV","34.1",0.00284132960915203,0.0277589151578843,-0.0219624799652389,0.000667795985814212,0.0525941557310442,0.05222
"OV","37.1",0.0211016200397219,0.0644113432671668,-0.0299996947179303,0.00281415904048558,0.226467697007895,0.20605
"OV","46.1",-0.00545754940933556,0.0386425784806857,-0.122392877004854,-0.000917708867643527,0.0243603914917855,0.085775
"OV","49.1",-0.00375927710368371,0.0383910930561084,-0.0948365218202403,-0.000991075921908017,0.022552085032276,0.063875
"PAAD","0",6.66678649715798,0.146254145095774,6.38035693499109,6.66641064173193,6.95539424488312,1
"PAAD","0.5",-0.244542201931438,0.145724029293343,-0.523519380160231,-0.249157443422843,0.0138366808652407,0.94096
"PAAD","1.1",0.0192211005380307,0.076366976193466,-0.052049937718498,0.00173156068843078,0.269157605637493,0.173525
"PAAD","2.1",-0.00988661746164143,0.0516448828601708,-0.179473066777706,-0.00146876838820291,0.019424226778306,0.05206
"PAAD","3.1",0.00264926899936875,0.0335924218307371,-0.0205488258058746,0.000455461196760127,0.0246200544019385,0.027085
"PAAD","3.2",0.00201897271410617,0.0293871033039372,-0.0204034247704441,0.000383473034836844,0.0231175809176945,0.02289
"PAAD","4.1",0.0014415686453821,0.025454388924391,-0.0205353022519241,0.000380100810760377,0.0228884738152108,0.023375
"PAAD","5.1",-0.000203882190267593,0.0353130251073629,-0.0263395556111467,6.26740010469672e-05,0.0254812800071238,0.04775
"PAAD","8.1",0.00345317030722802,0.0360398904757488,-0.0194674212877377,0.000724066472137826,0.0231876761235558,0.018435
"PAAD","8.2",0.00212554777149269,0.0248074843961591,-0.0196828513910643,0.000576389241401349,0.0224167524021465,0.017025
"PAAD","8.3",-0.000490116507894522,0.0194770207236529,-0.0208560331786346,-0.000216026016458042,0.0202278273353178,0.012375
"PAAD","10.1",0.00558256243306195,0.0416732563731931,-0.0204686630555615,0.000820844454408422,0.081539349306787,0.04211
"PAAD","15.1",-0.0820682066101302,0.153826362408351,-0.498984455559374,-0.0059586660929216,0.0178901783262102,0.27492
"PAAD","20.1",0.00299762863015216,0.0548135274890484,-0.0987732170482745,0.000272239915920512,0.144975550960444,0.12132
"PAAD","23.1",-0.0096852858943691,0.0649899543329395,-0.211083336631265,-0.000859468930590585,0.0738171916868769,0.135995
"PAAD","24.1",-0.000375679503872187,0.0374270836381629,-0.0299825990093434,5.62954529232053e-05,0.0270481847598553,0.05344
"PAAD","25.1",0.00591098011854257,0.0482804162179925,-0.0234249714918659,0.000659998540895903,0.135190995405928,0.06742
"PAAD","28.1",0.0095174624281553,0.0544592415645743,-0.0231350874119706,0.0010742950159579,0.186822541555907,0.08533
"PAAD","42.1",-0.0026288177358762,0.0363303242707289,-0.0244487067745427,-0.000310166120978953,0.0209524174050566,0.029345
"PCPG","0",9.94429617898825,0.588094061819216,8.95918185974921,9.8880369672239,11.2519356670528,1
"PCPG","0.5",-0.424048171116384,0.288273280390042,-0.998933512438717,-0.425356827916193,0.0896025735606972,0.952205
"PCPG","1.1",0.103308336874517,0.232746776572035,-0.110336135370976,0.00445038008085629,0.771414207267701,0.31837
"PCPG","2.1",0.470280912167131,0.544145680588779,-0.0160832700509908,0.184762819574329,1.64314915076887,0.51265
"PCPG","4.1",-0.275297332501825,0.495447551130172,-1.61729191705138,-0.0060963155055247,0.0181865807071574,0.300115
"PCPG","5.1",-0.0758376513038439,0.225595745215373,-0.825296320645379,-0.00233073748417131,0.0229655935186534,0.172055
"PCPG","8.1",-0.0141329498050491,0.118364478445246,-0.209961651485701,-0.000433168279265714,0.0215161800059213,0.0435
"PCPG","8.2",0.00130818217262997,0.0763528631617796,-0.0232068002186915,8.94729733658466e-05,0.0247954110320613,0.03532
"PCPG","8.3",0.0149101103838368,0.103559537150278,-0.0207650483845529,0.000550738833149373,0.276369655733504,0.046445
"PCPG","10.1",-0.0311907106220663,0.155570884882231,-0.564073282926775,-0.000975924366710826,0.0233893254613015,0.09314
"PCPG","22.1",0.102903602896006,0.247958269456294,-0.185524809953261,0.00423256202214565,0.802193710872781,0.33308
"PCPG","24.1",-0.0437188351201519,0.198210272194855,-0.704801803095603,-0.00111856192334287,0.101993236341535,0.144415
"PCPG","27.1",0.00988909769582463,0.209315515494707,-0.499889245143639,0.000397918535892546,0.54736872652324,0.29411
"PCPG","34.1",-0.0195199989658166,0.171070878150341,-0.520730140703489,-0.000528008890638404,0.255916767497023,0.14675
"PCPG","35.1",0.123334241768391,0.298660258178934,-0.267344838224167,0.00446599032308421,0.956282507235573,0.363535
"PCPG","39.1",0.0992359129683708,0.281682911402469,-0.294494861167118,0.00347015891065355,0.908839488665721,0.3375
"PRAD","0",10.2248395533959,0.295069491189709,9.69920795880393,10.2061121763196,10.8655915537844,1
"PRAD","0.5",-0.0424186460494981,0.179789114655805,-0.419670880927252,-0.0111871628936909,0.322502755688244,0.81042
"PRAD","1.1",0.0137842012109605,0.126135880712725,-0.255079843285769,0.000735885993675873,0.374237731249099,0.2151
"PRAD","2.1",0.00615748366262517,0.0648153255085897,-0.0233795365356386,0.000309969095607,0.133967835326419,0.0536
"PRAD","3.1",0.0023594220102757,0.0489955409568005,-0.0219268524605257,0.000255484869658863,0.0251999360645233,0.03347
"PRAD","3.2",0.0332572416930517,0.131963466135447,-0.0196936272267267,0.0015064954089368,0.523924161140349,0.08601
"PRAD","5.1",-0.0051165458411317,0.0783256605001746,-0.18573326334688,-0.000142454573597104,0.066965741109265,0.07808
"PRAD","8.1",0.000315660264009641,0.0266738503181448,-0.0206780271541006,6.96566719506578e-05,0.0211761994585339,0.016155
"PRAD","8.2",0.00586593603359079,0.0522931415751572,-0.0200765531578323,0.000547911646175805,0.0271201087634531,0.02792
"PRAD","8.3",0.0102718877942837,0.07356780260914,-0.0197967074261002,0.000783028034545139,0.109134403841366,0.03347
"PRAD","10.1",0.0101334165312496,0.0716385101764649,-0.0221510470264668,0.000620612458739083,0.21089460977355,0.059045
"PRAD","15.1",-0.0287484832717445,0.142752300777874,-0.499839662004556,-0.00110598613794193,0.110975299529193,0.14671
"PRAD","18.1",0.136134245731689,0.284963868987301,-0.191058346597981,0.00583918418066538,0.893891283513071,0.37791
"PRAD","18.2",-0.00806325141655331,0.113744248877845,-0.321859321912146,-0.000354690654316951,0.228677264183972,0.181505
"PRAD","19.1",0.144585272171931,0.302182261816778,-0.229795055228364,0.00608187781823296,0.93717782337151,0.38724
"PRAD","19.2",-0.00140766058166934,0.101559739204955,-0.256565153613467,-0.000166060931052315,0.239243119481995,0.17538
"PRAD","31.1",0.0193181352395085,0.0978668389341575,-0.059348003907703,0.00112281609019994,0.343921376074695,0.132925
"PRAD","36.1",-0.00269036966336177,0.058983835336503,-0.0966762956384841,-3.57936125048449e-05,0.0403281174933698,0.06536
"PRAD","43.1",0.0233857015472063,0.132048038402395,-0.16571585786443,0.00116810693995239,0.438022696704583,0.17177
"PRAD","43.2",0.0317552259264522,0.142337256271859,-0.185995874530496,0.00171028906692339,0.468506607287267,0.226885
"PRAD","50.1",-0.000597440739302064,0.0771368477305459,-0.148664227430999,0.00011345218659553,0.14390323139935,0.090895
"SARC","0",7.71605596677942,0.118575881880517,7.48568564598287,7.71539018264462,7.94944771561169,1
"SARC","0.5",-0.311753797476155,0.122663405283113,-0.547314446496688,-0.314381275160917,-0.0476009651366014,0.9861
"SARC","1.1",0.328924116187163,0.206345455191666,-0.00991838760710772,0.366499040543994,0.672774049886967,0.799285
"SARC","2.1",0.0326378089199793,0.0976313564127657,-0.018470833279131,0.00277109565044091,0.370424894678223,0.12249
"SARC","4.1",0.00255377262199297,0.0240391864052517,-0.0196026278447733,0.000802830361294163,0.023930739935897,0.02234
"SARC","5.1",-0.00291005728975174,0.0303573425110137,-0.036861942227098,-0.000588935582039151,0.0214284297352563,0.04363
"SARC","8.1",-0.0118007975540475,0.0559743886783262,-0.212918468299195,-0.00195602071099528,0.0181439655741422,0.04498
"SARC","8.2",0.0066987884240335,0.0404550418211738,-0.0187037609852441,0.00140017902683694,0.0664582626151419,0.030675
"SARC","8.3",0.00355983486808796,0.028402694067032,-0.0189663551620566,0.00101262505012588,0.0243326578391121,0.01945
"SARC","10.1",-0.0659788018928339,0.13076283430964,-0.427898465708117,-0.00568721707772101,0.0166680593240486,0.228755
"SARC","13.1",0.037927317963023,0.105558541021199,-0.0196256630852163,0.00299927556498224,0.386746694882383,0.15781
"SARC","22.1",0.14242366485924,0.228831297015768,-0.0187470375401499,0.00917791997169628,0.740590237039442,0.391585
"SARC","24.1",-0.107515938269508,0.234355967492301,-0.781056295925956,-0.00368210279695337,0.0199913770752849,0.22531
"SARC","34.1",-0.00770973301146,0.0487775226926817,-0.16335633699387,-0.000940770518427229,0.0231927450605956,0.077565
"SARC","36.1",-0.000965555494828252,0.0277988070724719,-0.0254172474087097,-0.000109375508963895,0.0229256440369629,0.040845
"SARC","39.1",0.109139217477845,0.168306904898433,-0.0203609018123062,0.00912483592400118,0.513606956068213,0.393705
"SARC","46.1",-0.0121841333005988,0.0539146278307558,-0.202193956906231,-0.0015324698084421,0.0224805029078906,0.10578
"SARC","48.1",-0.000504742496235138,0.039001776673436,-0.0382975709496527,1.27646058198293e-05,0.0314073010607483,0.05973
"SARC","49.1",-0.00197216189674432,0.0597983763984293,-0.11093836538172,9.52617220529049e-06,0.0668286152176781,0.076365
"SKCM","0",7.80489728137464,0.0926105315273138,7.62481200754907,7.8046223461846,7.9873130060034,1
"SKCM","0.5",-0.325087062786288,0.0923200905297615,-0.504737490537124,-0.325508128995212,-0.143722513175312,0.9985
"SKCM","1.1",0.201540062676116,0.158644157506625,-0.0118461944017711,0.225523909610363,0.486336287786821,0.699225
"SKCM","2.1",0.0222323467437446,0.0683496199956074,-0.0174224745089012,0.00320463930168639,0.26622966244987,0.10497
"SKCM","3.1",-0.00577506573341689,0.0332953594262748,-0.063661594399602,-0.00150397763313949,0.0185522964259448,0.03264
"SKCM","3.2",-0.00145367479464683,0.0202631776158171,-0.0224622609727182,-0.000533874689683491,0.0200812556971397,0.018665
"SKCM","4.1",-0.00247213434270585,0.0198929027473139,-0.0236624500063917,-0.00100837419466415,0.0189341823336393,0.02019
"SKCM","5.1",-0.0294629151074688,0.0827866577531431,-0.304093256638645,-0.00296034264432745,0.0190426909637444,0.143945
"SKCM","8.1",0.00180385103452455,0.0162842692424833,-0.0188150551211497,0.000997169167424093,0.0220568353665233,0.010975
"SKCM","8.2",0.00689204765233276,0.0340039770825762,-0.0177699593333836,0.0021794047600687,0.0896201639057158,0.03294
"SKCM","8.3",-0.00046956282749785,0.0135533179152095,-0.0206776725585936,-0.000318269618356021,0.0197929868445744,0.009015
"SKCM","10.1",-0.00139579519981555,0.0209626173678954,-0.0233311465217335,-0.000352737962471305,0.0204810570287057,0.02564
"SKCM","15.1",-0.0526530766391036,0.112361401835714,-0.353368402399423,-0.00491144445737069,0.0206896711968285,0.251335
"SKCM","17.1",0.00161637145428594,0.0254464312329867,-0.0240135254461424,0.000387306082579782,0.0404262693630522,0.05865
"SKCM","26.1",0.0899930698320201,0.137353111063582,-0.0175078565736009,0.00885708922659146,0.404242866413373,0.359185
"SKCM","34.1",-0.00586617982818347,0.0324842308502239,-0.10634700511395,-0.00127770599903458,0.0202010508388419,0.06226
"SKCM","37.1",-0.0334780579027287,0.075464491731274,-0.258645718717772,-0.00472632406287733,0.0206931263360601,0.243495
"SKCM","39.1",0.0271396657495278,0.0730089500492924,-0.0250935761575726,0.00334257315270869,0.25492049861109,0.217645
"SKCM","40.1",0.022428375700305,0.081298220907689,-0.0622163681732709,0.00204879410967382,0.280899911525358,0.1865
"SKCM","48.1",-0.0100683420743262,0.0470607078805221,-0.179441467369259,-0.00148737213110346,0.0201276505582843,0.075665
"STAD","0",6.87685824951168,0.0958746384820481,6.69050209783502,6.87630941560529,7.06614989020008,1
"STAD","0.5",-0.257238948113502,0.10042339139216,-0.449439362539897,-0.258847743670069,-0.0416607142588221,0.985785
"STAD","1.1",-0.000237758348212444,0.0377500098983912,-0.0837106099996215,-0.00022892898270803,0.0807446701034643,0.11193
"STAD","2.1",0.000632860791650347,0.0190980729859704,-0.0208008953688782,0.000124209099511425,0.0218980540134033,0.022205
"STAD","3.1",-0.00235200308065717,0.0205101114607342,-0.0237839532026588,-0.000924198284431307,0.0192305329796397,0.020465
"STAD","3.2",-0.000727397512817485,0.0169570818018066,-0.0212820532833682,-0.000370239441588941,0.0201671647884887,0.015495
"STAD","4.1",-0.00354220891704091,0.0240905383183302,-0.0267120157388997,-0.00120302782645936,0.0188507509684616,0.026205
"STAD","5.1",-0.0197445252607366,0.0674132226450629,-0.26076224037307,-0.00254637565937121,0.0186289468052988,0.103365
"STAD","8.1",0.000909062792702598,0.0156190555363708,-0.0195729838493747,0.00048991455017293,0.021046105440185,0.00949
"STAD","8.2",0.000713697769726335,0.0192047280833325,-0.0201996908611684,0.00017922735588211,0.0209433375604372,0.01293
"STAD","8.3",-0.0117894791844887,0.0603826007550751,-0.19946013374283,-0.00182783142433489,0.0183375545663896,0.043155
"STAD","10.1",0.00112754055390154,0.0255931173514826,-0.0213305881141005,0.000432963655634089,0.0236942287171709,0.029955
"STAD","13.1",-0.0237349003767312,0.0711713369471805,-0.2705758894172,-0.00298142892674955,0.0186065655139643,0.12774
"STAD","15.1",0.0155141528792302,0.0572534513102563,-0.0196355755626043,0.00230248693503715,0.216306927198092,0.106435
"STAD","20.1",-0.056543156113646,0.105551989558973,-0.343488530870075,-0.00623276412960045,0.01805501093473,0.283085
"STAD","23.1",-0.0663398034275064,0.118056491907593,-0.373443814704635,-0.00653359256993106,0.0180440543658234,0.295875
"STAD","25.1",-0.0041340755421707,0.0293106296712645,-0.0717846219319457,-0.00102690513444122,0.0205432917340744,0.050155
"STAD","28.1",-0.0196623948554192,0.0650924059265435,-0.251741749788563,-0.00259464998300052,0.0191121607805063,0.115835
"STAD","31.1",0.0118573208331453,0.0468740477511483,-0.0201557424395782,0.00201140161473165,0.178165835986853,0.097665
"STAD","42.1",-0.00298964435126705,0.0230293525662651,-0.0249157400857379,-0.00105964724326475,0.0190573327371224,0.024095
"STAD","43.1",0.0323138639407845,0.0940289837527293,-0.0209002720948769,0.00274769633748567,0.347160106245204,0.16498
"STAD","43.2",-0.0873214928196109,0.137403771703662,-0.436789349503915,-0.00913664070511732,0.0168521063639662,0.361885
"TGCT","0",10.2074582329154,0.392228131054858,9.51013813838194,10.1820645749253,11.0533841962474,1
"TGCT","0.5",0.0649364131193034,0.23326244346402,-0.379322048169744,0.0158130742563711,0.572662648060036,0.83498
"TGCT","1.1",-0.113009173714548,0.241313266640152,-0.802268975894454,-0.00518424411825966,0.0794498256760485,0.327125
"TGCT","2.1",-0.00164156280081689,0.0802703674864625,-0.0847646069408334,-0.000132373175834056,0.0496232596517022,0.06003
"TGCT","3.1",0.00590906584369776,0.12583377786008,-0.0332545666811884,0.000113576691012937,0.151554979537869,0.058865
"TGCT","3.2",0.0246093831687215,0.156593646960514,-0.0223781071849529,0.000675500973038029,0.482970450300641,0.06788
"TGCT","5.1",0.0210164564730772,0.139154155006971,-0.0966282459334465,0.000793050274386316,0.455376769161351,0.111615
"TGCT","8.1",-0.00215353165766798,0.0569926097946866,-0.0232845085766645,-0.000113956589196602,0.0215684341019674,0.027225
"TGCT","8.2",-0.000283820852179417,0.0722359677077037,-0.0232269565173838,3.04989704386273e-05,0.0233130086205534,0.032075
"TGCT","8.3",0.12983577717079,0.336306792458916,-0.0188546941354229,0.00292978270887519,1.21414463931816,0.166305
"TGCT","15.1",0.131676912878189,0.359798842755199,-0.049757246513949,0.00319483270256103,1.27322907039684,0.23839
"TGCT","17.1",-0.127770695990228,0.285672000477755,-0.976601535767229,-0.00425823869560557,0.0225565523272315,0.2574
"TGCT","20.1",-0.028559256378013,0.160704907745112,-0.513678857238573,-0.00120312749350247,0.24017722846865,0.213795
"TGCT","21.1",0.0202272931261514,0.264569020463332,-0.597067758671153,0.000693351653161919,0.734108868023155,0.268975
"TGCT","21.2",0.0772385060210016,0.237036594258555,-0.233499324342911,0.00282444504650207,0.786808900662667,0.280785
"TGCT","21.3",-0.00875283406436181,0.247704726998994,-0.630209234642992,-0.000532314886480428,0.600548657641915,0.31656
"TGCT","23.1",-0.030511505222985,0.143575571774602,-0.483713173926986,-0.00133464229245188,0.16161515810918,0.192495
"TGCT","24.1",-0.0306222750520118,0.173028827675851,-0.587078492753981,-0.000824506469247134,0.114993774167567,0.12945
"TGCT","37.1",0.488321553774506,0.463670929684158,-0.0181416068386516,0.470348883279369,1.44611129947856,0.67709
"TGCT","39.1",0.202127672316891,0.357650761147371,-0.108679622008619,0.00798638734039979,1.1574439979889,0.41639
"THCA","0",10.2786088350901,0.295916743200494,9.74840720425262,10.2611264585244,10.906532965016,1
"THCA","0.5",-0.972255826665565,0.197906264850577,-1.37973372864209,-0.965231413832081,-0.604011615138204,1
"THCA","1.1",0.0773523685324907,0.165943686552499,-0.0265724396284868,0.00464230094324614,0.556315583267825,0.289725
"THCA","2.1",0.0167496133297993,0.0790071422385293,-0.0202897442045194,0.00121006997452935,0.304369497455818,0.07139
"THCA","4.1",-0.00196633961014145,0.0367748885360227,-0.0245546497463882,-0.00025382419780231,0.0214681762072108,0.03104
"THCA","5.1",-0.00882270785762368,0.0661311489095049,-0.20482151561494,-0.000569718336525545,0.0244617958878632,0.07383
"THCA","8.1",-0.0017142011540137,0.0320866220234433,-0.0221441859151053,-0.000240946987980613,0.0204434193081659,0.019115
"THCA","8.2",0.00310697998560351,0.0353979067508304,-0.0200066717288364,0.000470407706048119,0.0235604767409579,0.02116
"THCA","8.3",-0.00918972905805068,0.0595592064762029,-0.116421081737849,-0.000974583278739356,0.0192618059952198,0.03259
"THCA","9.1",-0.0143328751283563,0.0962671530123294,-0.304590185437269,-0.00111795231635168,0.146981747538057,0.17684
"THCA","9.2",-0.132213810193308,0.215094630891766,-0.685890214354873,-0.00839441417804811,0.0222053294374533,0.38959
"THCA","10.1",0.00806172294144893,0.0562314491618725,-0.0207584474474033,0.000844382149689373,0.146889024461947,0.05013
"THCA","24.1",-0.00266243107877311,0.0468411019417081,-0.0650615699403642,1.60458353158036e-06,0.0263097483215476,0.05809
"THCA","36.1",0.0139980456149719,0.0606611500083127,-0.0199021717459002,0.001683695241289,0.237844039229309,0.079535
"THCA","43.1",-0.00984162477305599,0.102048658114956,-0.305841258546112,-0.000722541674650861,0.178191060642619,0.151925
"THCA","43.2",0.0398348482408404,0.128910510869862,-0.0918035052328794,0.00252383043075012,0.440011758529754,0.22641
"THCA","47.1",0.0222113857116707,0.104141357717864,-0.101374871022342,0.00159522630734099,0.345790488692208,0.17811
"THYM","0",9.31481309449437,0.332516062709177,8.70832380182669,9.29809016829867,10.0140981852645,1
"THYM","0.5",-0.43230332508765,0.237735114166135,-0.900207175762493,-0.434215347921478,0.00992982017395907,0.970195
"THYM","1.1",0.0119004176212204,0.132628506532055,-0.273040200496323,0.000517895421148524,0.38202821637178,0.212825
"THYM","2.1",0.0016152779409671,0.0586150395209136,-0.0249742259716658,5.36634667471587e-05,0.0289067404645652,0.045775
"THYM","4.1",-0.0022120439306576,0.059131087216379,-0.0270043582775954,-0.000136804707664583,0.0232462919030453,0.04023
"THYM","5.1",0.00611428671796011,0.0852445021994222,-0.0755625482000162,0.000351610572939675,0.20571123901488,0.080195
"THYM","8.1",0.00288208152224961,0.0476027826555568,-0.0209554918377094,0.000281607375212603,0.0238059600069861,0.025885
"THYM","8.2",0.0128362901239994,0.0820754252669903,-0.0197558260378795,0.000829863282273333,0.222601517002143,0.041535
"THYM","8.3",0.00482013285826402,0.0547599057020398,-0.0204979686873993,0.000361269049208796,0.0253259729165106,0.0277
"THYM","10.1",0.00113658525924376,0.0582812671562701,-0.0257078868104217,0.000143711067809965,0.0299015994462789,0.04836
"THYM","17.1",0.110701646885296,0.282833838649391,-0.0529869097736221,0.00342705842829124,0.974426572013011,0.244425
"THYM","21.1",0.016830872648519,0.12738501421604,-0.225565078168031,0.000769530905491375,0.402589590063657,0.19575
"THYM","21.2",-0.0210645722846378,0.1958766934115,-0.577818605943962,-0.000717083991328225,0.38810951256491,0.242545
"THYM","21.3",0.200791890045251,0.304620118670454,-0.0493852562796554,0.0103441988063885,0.929345145911137,0.444865
"THYM","22.1",0.0554956892916005,0.157405848833707,-0.124499686302254,0.00297834491564262,0.528659479315349,0.273905
"THYM","24.1",-0.0149396614414273,0.107476067480348,-0.354173898282916,-0.000510097976706542,0.0694916016928415,0.103375
"THYM","36.1",-0.00285034266860176,0.088392613653184,-0.17524236604816,-7.78385332831205e-05,0.115780834522866,0.079795
"THYM","39.1",-0.297893260125032,0.346293212845546,-1.05172055600569,-0.155648430520577,0.0189602400915993,0.55187
"THYM","44.1",0.0513122664139423,0.194359197006167,-0.0425508405649606,0.00168932875025987,0.703683900199055,0.154965
"UCEC","0",8.59214405837932,0.122219491191618,8.35707154034744,8.59063139267414,8.8353626920859,1
"UCEC","0.5",-0.324212545991186,0.117409779861745,-0.55123921071401,-0.325234591385078,-0.0869130416934337,0.991705
"UCEC","1.1",0.0385060020434404,0.0845013115476945,-0.0194021432524329,0.00467323713085564,0.289760273510786,0.23665
"UCEC","2.1",-0.000173476797193942,0.0191446993442571,-0.0216661875722032,-0.000147865398130871,0.0212086821702093,0.022175
"UCEC","3.1",0.00167237029569775,0.023509010486865,-0.0200311723394342,0.00061247949708015,0.0229484668605084,0.02094
"UCEC","3.2",0.000933607454596658,0.0201769755357847,-0.0204543496121249,0.000303256135686925,0.0219895826430109,0.01859
"UCEC","5.1",-0.340203768533581,0.178664279261759,-0.620087406744612,-0.375196124082392,0.00693419946162681,0.845055
"UCEC","8.1",-0.00278340805235985,0.0227607386230602,-0.0235242541673864,-0.00103491857985998,0.0189094212305528,0.01697
"UCEC","8.2",-0.0010966293139609,0.0162898495005504,-0.0211172724912413,-0.000551624502843055,0.0193559364292504,0.01128
"UCEC","8.3",-0.000959799083312146,0.0162732567797767,-0.0211222380237768,-0.000451023211275728,0.0195336673393599,0.010935
"UCEC","10.1",0.000582643421226804,0.0181669413342067,-0.0209731068215999,0.00029055632732916,0.0217900729382844,0.022455
"UCEC","15.1",-0.0108368366432145,0.0614387833662726,-0.226589738816701,-0.000877203779646719,0.0289079163893049,0.10369
"UCEC","16.1",-0.497943417630713,0.116520678800206,-0.727162780508917,-0.49719884910735,-0.272601032958993,0.99904
"UCEC","20.1",-0.0240492269522497,0.0678800048737776,-0.247741672773467,-0.00308561926138565,0.0205443377403059,0.17087
"UCEC","31.1",-0.00909996104078158,0.0437612663704902,-0.158857759271316,-0.00149696299575027,0.0214808924274218,0.089205
"UCEC","33.1",-0.00291227663860697,0.0404520394530513,-0.0954362039706057,-0.000362519924074651,0.0286278029097161,0.0736
"UCEC","34.1",-0.00222469171258206,0.0240871298844906,-0.0342750559993581,-0.000620002647844158,0.0215130327273216,0.047535
"UCEC","46.1",-0.0334544636010519,0.0865223967082169,-0.312893561042222,-0.00353079231840829,0.0189574096260007,0.1759
"UCEC","49.1",0.0117317976655023,0.0475993963691124,-0.0192700588158098,0.00206220079510551,0.18279316267489,0.083065
"UCS","0",6.7789231956967,0.220780796991238,6.34714584036,6.77840759305978,7.21203474515217,1
"UCS","0.5",-0.506667891320116,0.1918503875588,-0.882156372584011,-0.506924860769217,-0.122038748512542,0.993735
"UCS","1.1",0.0261161179655813,0.10544711451277,-0.106426275609609,0.0016163386516606,0.364259473718195,0.20187
"UCS","2.1",0.00207989404665753,0.0437087725246217,-0.0230481916675513,6.55629036903851e-05,0.027435830587425,0.040715
"UCS","3.1",-0.0252300767383773,0.113971648754162,-0.444044873129487,-0.00127141166898144,0.0199048453869615,0.07223
"UCS","3.2",0.0094641896157889,0.065130882210341,-0.0203350656435732,0.00075730700804561,0.16642881831872,0.0436
"UCS","5.1",0.00503614552234797,0.0650580885469269,-0.029455287582948,0.000479914181016211,0.160098886037485,0.07206
"UCS","8.1",-0.00289397411825394,0.0362604089826525,-0.0230763673847768,-0.000438259031553658,0.0200653390025403,0.019975
"UCS","8.2",0.00036171543675697,0.0304623802810957,-0.0210465917207232,6.72148025985006e-05,0.0213558989292814,0.018855
"UCS","8.3",0.00685177881185663,0.0542858664574486,-0.0197203386356198,0.000721461453100234,0.0300824509720805,0.02948
"UCS","10.1",-0.00157285485667417,0.0480149228136579,-0.027867291827596,-0.000141569858398019,0.024005157038258,0.04409
"UCS","15.1",0.0405503689034099,0.129946698720972,-0.0239771051293358,0.0023053509668025,0.478880165667671,0.164245
"UCS","20.1",-0.00712719495728671,0.0870642613504859,-0.258381811226232,-0.000436091004276003,0.169834635483879,0.162125
"UCS","24.1",-0.0249332117197647,0.10756514681751,-0.403202711803494,-0.00130636491639732,0.023682580356513,0.114725
"UCS","33.1",-0.00942505077905486,0.0812071565936337,-0.254018761070188,-0.000584396538821704,0.0759242339572796,0.104425
"UCS","34.1",-0.00248404536939812,0.0646072113892983,-0.14688617376466,-0.000126226867438421,0.0874134223713202,0.085885
"UCS","36.1",0.0169152195486477,0.0851402203730321,-0.0219206396926524,0.00109271759671491,0.315830115973872,0.083295
"UCS","46.1",-0.0122607901840541,0.0880021963681137,-0.289516630749647,-0.000703420414271952,0.102843731481186,0.129195
"UCS","48.1",0.00215594234197667,0.0705358326270558,-0.0974006365282463,0.000161038128569051,0.144640330708638,0.080695
"UCS","49.1",-0.0574208226912745,0.163344484403444,-0.596794094133335,-0.00268523048979048,0.0210709383405125,0.16886
