"spec","cov_id","rule","pair_key","cancer","lppd_spec","lppd_paper1_primary","lppd_baseline_train","delta_vs_paper1","delta_vs_baseline"
"spec_01_cov8_2_rule1_pairA",8.2,1,"A","ACC",-6.65024878045709,-6.51515306172658,-6.67749896492244,-0.135095718730512,0.0272501844653448
"spec_01_cov8_2_rule1_pairA",8.2,1,"A","BLCA",-60.1174667085815,-59.882767407751,-60.1150767947366,-0.234699300830449,-0.00238991384485843
"spec_01_cov8_2_rule1_pairA",8.2,1,"A","BRCA",-53.5368650293412,-53.33382943087,-53.5410011606485,-0.203035598471196,0.0041361313073196
"spec_01_cov8_2_rule1_pairA",8.2,1,"A","CESC",-20.0063228146156,-19.8056152109089,-19.9295903343409,-0.200707603706746,-0.076732480274682
"spec_01_cov8_2_rule1_pairA",8.2,1,"A","CHOL",-9.95435086206306,-10.1318737909829,-10.211906244114,0.177522928919878,0.257555382050977
"spec_01_cov8_2_rule1_pairA",8.2,1,"A","CORE",-57.5579796182857,-56.5277887575917,-57.5117107574028,-1.03019086069406,-0.0462688608829538
"spec_01_cov8_2_rule1_pairA",8.2,1,"A","DLBC",-3.89253570838355,-4.05676250086065,-4.05274682927721,0.164226792477101,0.160211120893661
"spec_01_cov8_2_rule1_pairA",8.2,1,"A","ESCA",-27.1964338872873,-27.1462958799979,-27.2845855107718,-0.0501380072894442,0.088151623484535
"spec_01_cov8_2_rule1_pairA",8.2,1,"A","HNSC",-69.416550461419,-68.8233389064667,-69.3567662845463,-0.593211554952305,-0.0597841768726965
"spec_01_cov8_2_rule1_pairA",8.2,1,"A","KICH",-5.0382552581064,-4.99059619094526,-5.03692611169964,-0.0476590671611383,-0.00132914640675441
"spec_01_cov8_2_rule1_pairA",8.2,1,"A","KIRC",-89.9179442716288,-89.7592278766831,-90.1807620676648,-0.158716394945785,0.262817796035961
"spec_01_cov8_2_rule1_pairA",8.2,1,"A","KIRP",-22.6890747681705,-23.9201917361441,-22.7799554142405,1.23111696797361,0.0908806460700191
"spec_01_cov8_2_rule1_pairA",8.2,1,"A","LGG",-39.9528036402009,-40.1011533887645,-40.0316619630612,0.148349748563646,0.0788583228602917
"spec_01_cov8_2_rule1_pairA",8.2,1,"A","LIHC",-50.6178818396031,-49.2921962247549,-50.7651022329297,-1.32568561484823,0.147220393326563
"spec_01_cov8_2_rule1_pairA",8.2,1,"A","LUAD",-62.63388708992,-62.9162412734836,-62.5950763403184,0.282354183563569,-0.038810749601673
"spec_01_cov8_2_rule1_pairA",8.2,1,"A","LUSC",-99.5792644989305,-97.7431373717097,-99.1775261271172,-1.83612712722081,-0.401738371813209
"spec_01_cov8_2_rule1_pairA",8.2,1,"A","MESO",-16.9208789857203,-16.847198298346,-16.9041706579213,-0.0736806873743561,-0.0167083277990372
"spec_01_cov8_2_rule1_pairA",8.2,1,"A","OV",-69.1051261238519,-68.4227652949758,-69.1698544820649,-0.682360828876099,0.0647283582130171
"spec_01_cov8_2_rule1_pairA",8.2,1,"A","PAAD",-27.9147167540562,-27.6736885200274,-27.8336244545588,-0.241028234028764,-0.0810922994974099
"spec_01_cov8_2_rule1_pairA",8.2,1,"A","PCPG",-0.915445246199147,-0.89979443629964,-0.866458302374165,-0.0156508098995075,-0.0489869438249817
"spec_01_cov8_2_rule1_pairA",8.2,1,"A","PRAD",-5.42003893379864,-5.66646864563603,-5.30014259849449,0.246429711837387,-0.119896335304158
"spec_01_cov8_2_rule1_pairA",8.2,1,"A","SARC",-38.5516921580078,-37.9539525641474,-39.1422194649989,-0.597739593860382,0.590527306991113
"spec_01_cov8_2_rule1_pairA",8.2,1,"A","SKCM",-63.4347434715772,-63.5303963886053,-63.5119768201394,0.0956529170280973,0.0772333485621886
"spec_01_cov8_2_rule1_pairA",8.2,1,"A","STAD",-59.9385583766271,-60.965298729115,-60.1219966387442,1.02674035248791,0.183438262117157
"spec_01_cov8_2_rule1_pairA",8.2,1,"A","TGCT",-1.63328108906006,-1.96006595541158,-1.58248468640516,0.326784866351528,-0.0507964026548944
"spec_01_cov8_2_rule1_pairA",8.2,1,"A","THCA",-7.87866218013172,-7.81951519019867,-7.88923473624168,-0.059146989933053,0.0105725561099561
"spec_01_cov8_2_rule1_pairA",8.2,1,"A","THYM",-5.27292269517922,-5.32938907123936,-5.09599415663932,0.0564663760601443,-0.176928538539893
"spec_01_cov8_2_rule1_pairA",8.2,1,"A","UCEC",-50.3653931505005,-48.626350061796,-50.2194451424514,-1.73904308870448,-0.145948008049103
"spec_01_cov8_2_rule1_pairA",8.2,1,"A","UCS",-11.7628085284405,-11.7892947433871,-11.8012793633897,0.0264862149466492,0.038470834949285
"spec_02_cov8_2_rule1_pairB",8.2,1,"B","ACC",-6.65650857024986,-6.51515306172658,-6.67749896492244,-0.141355508523278,0.0209903946725785
"spec_02_cov8_2_rule1_pairB",8.2,1,"B","BLCA",-60.3247792691423,-59.882767407751,-60.1150767947366,-0.442011861391279,-0.209702474405688
"spec_02_cov8_2_rule1_pairB",8.2,1,"B","BRCA",-53.3491560430064,-53.33382943087,-53.5410011606485,-0.0153266121363274,0.191845117642188
"spec_02_cov8_2_rule1_pairB",8.2,1,"B","CESC",-20.0462391777776,-19.8056152109089,-19.9295903343409,-0.240623966868714,-0.11664884343665
"spec_02_cov8_2_rule1_pairB",8.2,1,"B","CHOL",-10.2233454411361,-10.1318737909829,-10.211906244114,-0.0914716501531867,-0.0114391970220868
"spec_02_cov8_2_rule1_pairB",8.2,1,"B","CORE",-57.610974979662,-56.5277887575917,-57.5117107574028,-1.08318622207035,-0.0992642222592366
"spec_02_cov8_2_rule1_pairB",8.2,1,"B","DLBC",-4.34644753683264,-4.05676250086065,-4.05274682927721,-0.289685035971994,-0.293700707555433
"spec_02_cov8_2_rule1_pairB",8.2,1,"B","ESCA",-27.2384181672977,-27.1462958799979,-27.2845855107718,-0.0921222872998158,0.0461673434741634
"spec_02_cov8_2_rule1_pairB",8.2,1,"B","HNSC",-69.420355538101,-68.8233389064667,-69.3567662845463,-0.597016631634318,-0.06358925355471
"spec_02_cov8_2_rule1_pairB",8.2,1,"B","KICH",-5.06139855523499,-4.99059619094526,-5.03692611169964,-0.0708023642897277,-0.0244724435353438
"spec_02_cov8_2_rule1_pairB",8.2,1,"B","KIRC",-89.8119594404341,-89.7592278766831,-90.1807620676648,-0.0527315637510668,0.368802627230679
"spec_02_cov8_2_rule1_pairB",8.2,1,"B","KIRP",-22.7571370999005,-23.9201917361441,-22.7799554142405,1.16305463624356,0.0228183143399754
"spec_02_cov8_2_rule1_pairB",8.2,1,"B","LGG",-40.0019568958702,-40.1011533887645,-40.0316619630612,0.0991964928943432,0.0297050671909886
"spec_02_cov8_2_rule1_pairB",8.2,1,"B","LIHC",-50.5230059461874,-49.2921962247549,-50.7651022329297,-1.23080972143248,0.242096286742317
"spec_02_cov8_2_rule1_pairB",8.2,1,"B","LUAD",-62.5940771242357,-62.9162412734836,-62.5950763403184,0.322164149247868,0.000999216082625765
"spec_02_cov8_2_rule1_pairB",8.2,1,"B","LUSC",-100.148287552636,-97.7431373717097,-99.1775261271172,-2.4051501809268,-0.9707614255192
"spec_02_cov8_2_rule1_pairB",8.2,1,"B","MESO",-16.9015313857154,-16.847198298346,-16.9041706579213,-0.0543330873694288,0.00263927220589011
"spec_02_cov8_2_rule1_pairB",8.2,1,"B","OV",-68.9937234582584,-68.4227652949758,-69.1698544820649,-0.570958163282569,0.176131023806548
"spec_02_cov8_2_rule1_pairB",8.2,1,"B","PAAD",-27.9125993768124,-27.6736885200274,-27.8336244545588,-0.238910856784994,-0.0789749222536393
"spec_02_cov8_2_rule1_pairB",8.2,1,"B","PCPG",-0.914679682401312,-0.89979443629964,-0.866458302374165,-0.014885246101673,-0.0482213800271472
"spec_02_cov8_2_rule1_pairB",8.2,1,"B","PRAD",-5.35147145259807,-5.66646864563603,-5.30014259849449,0.314997193037963,-0.0513288541035815
"spec_02_cov8_2_rule1_pairB",8.2,1,"B","SARC",-38.6782276775262,-37.9539525641474,-39.1422194649989,-0.72427511337883,0.463991787472665
"spec_02_cov8_2_rule1_pairB",8.2,1,"B","SKCM",-63.5387693582798,-63.5303963886053,-63.5119768201394,-0.00837296967441148,-0.0267925381403202
"spec_02_cov8_2_rule1_pairB",8.2,1,"B","STAD",-60.1105862248957,-60.965298729115,-60.1219966387442,0.854712504219243,0.0114104138484947
"spec_02_cov8_2_rule1_pairB",8.2,1,"B","TGCT",-1.60689644971931,-1.96006595541158,-1.58248468640516,0.353169505692274,-0.0244117633141492
"spec_02_cov8_2_rule1_pairB",8.2,1,"B","THCA",-7.89482801642762,-7.81951519019867,-7.88923473624168,-0.0753128262289513,-0.00559328018594218
"spec_02_cov8_2_rule1_pairB",8.2,1,"B","THYM",-5.15887440474895,-5.32938907123936,-5.09599415663932,0.170514666490408,-0.0628802481096296
"spec_02_cov8_2_rule1_pairB",8.2,1,"B","UCEC",-50.260574349081,-48.626350061796,-50.2194451424514,-1.63422428728505,-0.0411292066296696
"spec_02_cov8_2_rule1_pairB",8.2,1,"B","UCS",-11.7603259875939,-11.7892947433871,-11.8012793633897,0.0289687557932297,0.0409533757958656
"spec_03_cov8_2_rule2_pairA",8.2,2,"A","ACC",-6.63242359109875,-6.51515306172658,-6.67749896492244,-0.117270529372164,0.0450753738236926
"spec_03_cov8_2_rule2_pairA",8.2,2,"A","BLCA",-60.1187395561724,-59.882767407751,-60.1150767947366,-0.235972148421389,-0.00366276143579825
"spec_03_cov8_2_rule2_pairA",8.2,2,"A","BRCA",-53.4666931636604,-53.33382943087,-53.5410011606485,-0.132863732790376,0.0743079969881393
"spec_03_cov8_2_rule2_pairA",8.2,2,"A","CESC",-20.0508431290919,-19.8056152109089,-19.9295903343409,-0.245227918183051,-0.121252794750987
"spec_03_cov8_2_rule2_pairA",8.2,2,"A","CHOL",-10.0332812358435,-10.1318737909829,-10.211906244114,0.0985925551394917,0.178625008270592
"spec_03_cov8_2_rule2_pairA",8.2,2,"A","CORE",-57.511688434858,-56.5277887575917,-57.5117107574028,-0.983899677266372,2.23225447371078e-05
"spec_03_cov8_2_rule2_pairA",8.2,2,"A","DLBC",-4.08549702623046,-4.05676250086065,-4.05274682927721,-0.0287345253698117,-0.0327501969532511
"spec_03_cov8_2_rule2_pairA",8.2,2,"A","ESCA",-27.1692471397615,-27.1462958799979,-27.2845855107718,-0.022951259763655,0.115338371010324
"spec_03_cov8_2_rule2_pairA",8.2,2,"A","HNSC",-69.3739274935072,-68.8233389064667,-69.3567662845463,-0.550588587040494,-0.0171612089608857
"spec_03_cov8_2_rule2_pairA",8.2,2,"A","KICH",-4.99680697053012,-4.99059619094526,-5.03692611169964,-0.00621077958486271,0.0401191411695212
"spec_03_cov8_2_rule2_pairA",8.2,2,"A","KIRC",-90.0126165673074,-89.7592278766831,-90.1807620676648,-0.25338869062432,0.168145500357426
"spec_03_cov8_2_rule2_pairA",8.2,2,"A","KIRP",-22.7676073984817,-23.9201917361441,-22.7799554142405,1.15258433766234,0.0123480157587572
"spec_03_cov8_2_rule2_pairA",8.2,2,"A","LGG",-40.0216341248343,-40.1011533887645,-40.0316619630612,0.0795192639301945,0.0100278382268399
"spec_03_cov8_2_rule2_pairA",8.2,2,"A","LIHC",-50.5200877664834,-49.2921962247549,-50.7651022329297,-1.22789154172848,0.245014466446314
"spec_03_cov8_2_rule2_pairA",8.2,2,"A","LUAD",-62.6343732903375,-62.9162412734836,-62.5950763403184,0.281867983146128,-0.0392969500191143
"spec_03_cov8_2_rule2_pairA",8.2,2,"A","LUSC",-100.422236123133,-97.7431373717097,-99.1775261271172,-2.67909875142358,-1.24470999601598
"spec_03_cov8_2_rule2_pairA",8.2,2,"A","MESO",-16.8789783435744,-16.847198298346,-16.9041706579213,-0.0317800452284658,0.0251923143468531
"spec_03_cov8_2_rule2_pairA",8.2,2,"A","OV",-68.9954063000129,-68.4227652949758,-69.1698544820649,-0.572641005037141,0.174448182051975
"spec_03_cov8_2_rule2_pairA",8.2,2,"A","PAAD",-27.8493267984035,-27.6736885200274,-27.8336244545588,-0.175638278376066,-0.0157023438447119
"spec_03_cov8_2_rule2_pairA",8.2,2,"A","PCPG",-0.916366146696901,-0.89979443629964,-0.866458302374165,-0.0165717103972615,-0.0499078443227357
"spec_03_cov8_2_rule2_pairA",8.2,2,"A","PRAD",-5.41863264352031,-5.66646864563603,-5.30014259849449,0.24783600211572,-0.118490045025825
"spec_03_cov8_2_rule2_pairA",8.2,2,"A","SARC",-39.0962340656244,-37.9539525641474,-39.1422194649989,-1.14228150147703,0.0459853993744659
"spec_03_cov8_2_rule2_pairA",8.2,2,"A","SKCM",-63.6019373342622,-63.5303963886053,-63.5119768201394,-0.071540945656821,-0.0899605141227298
"spec_03_cov8_2_rule2_pairA",8.2,2,"A","STAD",-60.1781144331403,-60.965298729115,-60.1219966387442,0.78718429597464,-0.0561177943961084
"spec_03_cov8_2_rule2_pairA",8.2,2,"A","TGCT",-1.56875038949019,-1.96006595541158,-1.58248468640516,0.391315565921389,0.0137342969149665
"spec_03_cov8_2_rule2_pairA",8.2,2,"A","THCA",-7.95003581269191,-7.81951519019867,-7.88923473624168,-0.130520622493239,-0.0608010764502298
"spec_03_cov8_2_rule2_pairA",8.2,2,"A","THYM",-5.19566076736907,-5.32938907123936,-5.09599415663932,0.133728303870291,-0.0996666107297459
"spec_03_cov8_2_rule2_pairA",8.2,2,"A","UCEC",-50.3531185195268,-48.626350061796,-50.2194451424514,-1.72676845773077,-0.13367337707539
"spec_03_cov8_2_rule2_pairA",8.2,2,"A","UCS",-11.764929035713,-11.7892947433871,-11.8012793633897,0.0243657076741304,0.0363503276767663
"spec_04_cov8_2_rule2_pairB",8.2,2,"B","ACC",-6.81838866035073,-6.51515306172658,-6.67749896492244,-0.303235598624149,-0.140889695428292
"spec_04_cov8_2_rule2_pairB",8.2,2,"B","BLCA",-60.1781196364013,-59.882767407751,-60.1150767947366,-0.295352228650252,-0.0630428416646609
"spec_04_cov8_2_rule2_pairB",8.2,2,"B","BRCA",-53.5734492760434,-53.33382943087,-53.5410011606485,-0.239619845173387,-0.032448115394871
"spec_04_cov8_2_rule2_pairB",8.2,2,"B","CESC",-19.9667684629635,-19.8056152109089,-19.9295903343409,-0.161153252054614,-0.0371781286225499
"spec_04_cov8_2_rule2_pairB",8.2,2,"B","CHOL",-10.1919213016455,-10.1318737909829,-10.211906244114,-0.0600475106625105,0.0199849424685894
"spec_04_cov8_2_rule2_pairB",8.2,2,"B","CORE",-57.6279493577033,-56.5277887575917,-57.5117107574028,-1.10016060011162,-0.116238600300512
"spec_04_cov8_2_rule2_pairB",8.2,2,"B","DLBC",-4.07166385147535,-4.05676250086065,-4.05274682927721,-0.0149013506147,-0.0189170221981394
"spec_04_cov8_2_rule2_pairB",8.2,2,"B","ESCA",-27.2719789379397,-27.1462958799979,-27.2845855107718,-0.12568305794181,0.0126065728321691
"spec_04_cov8_2_rule2_pairB",8.2,2,"B","HNSC",-69.4098136927625,-68.8233389064667,-69.3567662845463,-0.586474786295838,-0.05304740821623
"spec_04_cov8_2_rule2_pairB",8.2,2,"B","KICH",-5.0357980671636,-4.99059619094526,-5.03692611169964,-0.0452018762183357,0.0011280445360482
"spec_04_cov8_2_rule2_pairB",8.2,2,"B","KIRC",-89.9564681001234,-89.7592278766831,-90.1807620676648,-0.197240223440332,0.224293967541414
"spec_04_cov8_2_rule2_pairB",8.2,2,"B","KIRP",-22.8240168376012,-23.9201917361441,-22.7799554142405,1.09617489854289,-0.0440614233606986
"spec_04_cov8_2_rule2_pairB",8.2,2,"B","LGG",-39.9724608256893,-40.1011533887645,-40.0316619630612,0.128692563075262,0.0592011373719075
"spec_04_cov8_2_rule2_pairB",8.2,2,"B","LIHC",-50.9026730839081,-49.2921962247549,-50.7651022329297,-1.61047685915322,-0.13757085097842
"spec_04_cov8_2_rule2_pairB",8.2,2,"B","LUAD",-62.6085348454965,-62.9162412734836,-62.5950763403184,0.307706427987064,-0.0134585051781784
"spec_04_cov8_2_rule2_pairB",8.2,2,"B","LUSC",-99.1805474278477,-97.7431373717097,-99.1775261271172,-1.43741005613803,-0.00302130073043827
"spec_04_cov8_2_rule2_pairB",8.2,2,"B","MESO",-16.8962661262173,-16.847198298346,-16.9041706579213,-0.0490678278713119,0.00790453170400696
"spec_04_cov8_2_rule2_pairB",8.2,2,"B","OV",-68.9201783054326,-68.4227652949758,-69.1698544820649,-0.497413010456796,0.24967617663232
"spec_04_cov8_2_rule2_pairB",8.2,2,"B","PAAD",-28.021463673887,-27.6736885200274,-27.8336244545588,-0.347775153859583,-0.187839219328229
"spec_04_cov8_2_rule2_pairB",8.2,2,"B","PCPG",-0.946422282075466,-0.89979443629964,-0.866458302374165,-0.0466278457758268,-0.079963979701301
"spec_04_cov8_2_rule2_pairB",8.2,2,"B","PRAD",-5.37990952147033,-5.66646864563603,-5.30014259849449,0.286559124165701,-0.0797669229758435
"spec_04_cov8_2_rule2_pairB",8.2,2,"B","SARC",-38.9941766521988,-37.9539525641474,-39.1422194649989,-1.04022408805144,0.148042812800057
"spec_04_cov8_2_rule2_pairB",8.2,2,"B","SKCM",-63.532402187636,-63.5303963886053,-63.5119768201394,-0.00200579903068387,-0.0204253674965926
"spec_04_cov8_2_rule2_pairB",8.2,2,"B","STAD",-60.2665383794818,-60.965298729115,-60.1219966387442,0.698760349633147,-0.144541740737601
"spec_04_cov8_2_rule2_pairB",8.2,2,"B","TGCT",-1.57909104261804,-1.96006595541158,-1.58248468640516,0.380974912793541,0.00339364378711804
"spec_04_cov8_2_rule2_pairB",8.2,2,"B","THCA",-8.00136303378627,-7.81951519019867,-7.88923473624168,-0.181847843587599,-0.11212829754459
"spec_04_cov8_2_rule2_pairB",8.2,2,"B","THYM",-5.16371495001523,-5.32938907123936,-5.09599415663932,0.165674121224128,-0.0677207933759094
"spec_04_cov8_2_rule2_pairB",8.2,2,"B","UCEC",-50.2785564826223,-48.626350061796,-50.2194451424514,-1.6522064208263,-0.0591113401709151
"spec_04_cov8_2_rule2_pairB",8.2,2,"B","UCS",-11.742479915923,-11.7892947433871,-11.8012793633897,0.0468148274641127,0.0587994474667486
"spec_05_cov8_2_rule3_pairA",8.2,3,"A","ACC",-6.67005399210344,-6.51515306172658,-6.67749896492244,-0.15490093037686,0.00744497281899736
"spec_05_cov8_2_rule3_pairA",8.2,3,"A","BLCA",-59.9665157196389,-59.882767407751,-60.1150767947366,-0.0837483118878879,0.148561075097703
"spec_05_cov8_2_rule3_pairA",8.2,3,"A","BRCA",-53.3204096791768,-53.33382943087,-53.5410011606485,0.0134197516932701,0.220591481471786
"spec_05_cov8_2_rule3_pairA",8.2,3,"A","CESC",-20.0461943484673,-19.8056152109089,-19.9295903343409,-0.240579137558449,-0.116604014126384
"spec_05_cov8_2_rule3_pairA",8.2,3,"A","CHOL",-10.1553427973578,-10.1318737909829,-10.211906244114,-0.0234690063748406,0.0565634467562592
"spec_05_cov8_2_rule3_pairA",8.2,3,"A","CORE",-57.4479885882736,-56.5277887575917,-57.5117107574028,-0.920199830681916,0.0637221691291927
"spec_05_cov8_2_rule3_pairA",8.2,3,"A","DLBC",-3.9060563276927,-4.05676250086065,-4.05274682927721,0.150706173167949,0.146690501584509
"spec_05_cov8_2_rule3_pairA",8.2,3,"A","ESCA",-27.1773000164678,-27.1462958799979,-27.2845855107718,-0.0310041364699956,0.107285494303984
"spec_05_cov8_2_rule3_pairA",8.2,3,"A","HNSC",-69.6356413533623,-68.8233389064667,-69.3567662845463,-0.812302446895629,-0.278875068816021
"spec_05_cov8_2_rule3_pairA",8.2,3,"A","KICH",-5.02685903124422,-4.99059619094526,-5.03692611169964,-0.0362628402989644,0.0100670804554195
"spec_05_cov8_2_rule3_pairA",8.2,3,"A","KIRC",-89.8771096470157,-89.7592278766831,-90.1807620676648,-0.117881770332616,0.303652420649129
"spec_05_cov8_2_rule3_pairA",8.2,3,"A","KIRP",-22.7728083965462,-23.9201917361441,-22.7799554142405,1.14738333959785,0.00714701769426185
"spec_05_cov8_2_rule3_pairA",8.2,3,"A","LGG",-39.9726053533936,-40.1011533887645,-40.0316619630612,0.128548035370926,0.0590566096675715
"spec_05_cov8_2_rule3_pairA",8.2,3,"A","LIHC",-50.3904398876031,-49.2921962247549,-50.7651022329297,-1.0982436628482,0.374662345326598
"spec_05_cov8_2_rule3_pairA",8.2,3,"A","LUAD",-62.6927230980039,-62.9162412734836,-62.5950763403184,0.223518175479683,-0.0976467576855597
"spec_05_cov8_2_rule3_pairA",8.2,3,"A","LUSC",-100.269598876092,-97.7431373717097,-99.1775261271172,-2.52646150438261,-1.09207274897501
"spec_05_cov8_2_rule3_pairA",8.2,3,"A","MESO",-16.9133861404501,-16.847198298346,-16.9041706579213,-0.0661878421041138,-0.00921548252879489
"spec_05_cov8_2_rule3_pairA",8.2,3,"A","OV",-68.9809899201516,-68.4227652949758,-69.1698544820649,-0.558224625175768,0.188864561913348
"spec_05_cov8_2_rule3_pairA",8.2,3,"A","PAAD",-27.833613679824,-27.6736885200274,-27.8336244545588,-0.159925159796579,1.07747347755094e-05
"spec_05_cov8_2_rule3_pairA",8.2,3,"A","PCPG",-0.926347698336626,-0.89979443629964,-0.866458302374165,-0.0265532620369863,-0.0598893959624605
"spec_05_cov8_2_rule3_pairA",8.2,3,"A","PRAD",-5.39807620457245,-5.66646864563603,-5.30014259849449,0.268392441063582,-0.0979336060779632
"spec_05_cov8_2_rule3_pairA",8.2,3,"A","SARC",-38.3960482070404,-37.9539525641474,-39.1422194649989,-0.442095642892994,0.746171257958501
"spec_05_cov8_2_rule3_pairA",8.2,3,"A","SKCM",-63.5496724497066,-63.5303963886053,-63.5119768201394,-0.0192760611012162,-0.0376956295671249
"spec_05_cov8_2_rule3_pairA",8.2,3,"A","STAD",-60.2567372112287,-60.965298729115,-60.1219966387442,0.708561517886253,-0.134740572484496
"spec_05_cov8_2_rule3_pairA",8.2,3,"A","TGCT",-1.57360982256423,-1.96006595541158,-1.58248468640516,0.386456132847355,0.00887486384093195
"spec_05_cov8_2_rule3_pairA",8.2,3,"A","THCA",-7.90843149272227,-7.81951519019867,-7.88923473624168,-0.0889163025235948,-0.0191967564805857
"spec_05_cov8_2_rule3_pairA",8.2,3,"A","THYM",-5.27480303334303,-5.32938907123936,-5.09599415663932,0.054586037896331,-0.178808876703706
"spec_05_cov8_2_rule3_pairA",8.2,3,"A","UCEC",-50.4774411274741,-48.626350061796,-50.2194451424514,-1.85109106567811,-0.257995985022731
"spec_05_cov8_2_rule3_pairA",8.2,3,"A","UCS",-11.7482056347711,-11.7892947433871,-11.8012793633897,0.041089108616033,0.0530737286186689
"spec_06_cov8_2_rule3_pairB",8.2,3,"B","ACC",-6.77954811575249,-6.51515306172658,-6.67749896492244,-0.264395054025911,-0.102049150830054
"spec_06_cov8_2_rule3_pairB",8.2,3,"B","BLCA",-60.5352476134555,-59.882767407751,-60.1150767947366,-0.652480205704542,-0.420170818718951
"spec_06_cov8_2_rule3_pairB",8.2,3,"B","BRCA",-53.466969836871,-53.33382943087,-53.5410011606485,-0.133140406000926,0.0740313237775894
"spec_06_cov8_2_rule3_pairB",8.2,3,"B","CESC",-20.098349939567,-19.8056152109089,-19.9295903343409,-0.292734728658104,-0.16875960522604
"spec_06_cov8_2_rule3_pairB",8.2,3,"B","CHOL",-10.3417561855945,-10.1318737909829,-10.211906244114,-0.209882394611554,-0.129849941480455
"spec_06_cov8_2_rule3_pairB",8.2,3,"B","CORE",-57.8256968760223,-56.5277887575917,-57.5117107574028,-1.29790811843063,-0.313986118619525
"spec_06_cov8_2_rule3_pairB",8.2,3,"B","DLBC",-4.53984846459693,-4.05676250086065,-4.05274682927721,-0.483085963736285,-0.487101635319725
"spec_06_cov8_2_rule3_pairB",8.2,3,"B","ESCA",-27.1586360351441,-27.1462958799979,-27.2845855107718,-0.0123401551462834,0.125949475627696
"spec_06_cov8_2_rule3_pairB",8.2,3,"B","HNSC",-69.4966274224275,-68.8233389064667,-69.3567662845463,-0.673288515960792,-0.139861137881184
"spec_06_cov8_2_rule3_pairB",8.2,3,"B","KICH",-5.10179535006245,-4.99059619094526,-5.03692611169964,-0.111199159117191,-0.0648692383628067
"spec_06_cov8_2_rule3_pairB",8.2,3,"B","KIRC",-89.830036085172,-89.7592278766831,-90.1807620676648,-0.0708082084889554,0.35072598249279
"spec_06_cov8_2_rule3_pairB",8.2,3,"B","KIRP",-22.7049959475905,-23.9201917361441,-22.7799554142405,1.21519578855355,0.0749594666499611
"spec_06_cov8_2_rule3_pairB",8.2,3,"B","LGG",-39.9777275236112,-40.1011533887645,-40.0316619630612,0.123425865153315,0.0539344394499608
"spec_06_cov8_2_rule3_pairB",8.2,3,"B","LIHC",-50.6666291064692,-49.2921962247549,-50.7651022329297,-1.37443288171435,0.0984731264604477
"spec_06_cov8_2_rule3_pairB",8.2,3,"B","LUAD",-62.5650602074184,-62.9162412734836,-62.5950763403184,0.351181066065202,0.0300161328999593
"spec_06_cov8_2_rule3_pairB",8.2,3,"B","LUSC",-99.6704025168814,-97.7431373717097,-99.1775261271172,-1.92726514517176,-0.492876389764163
"spec_06_cov8_2_rule3_pairB",8.2,3,"B","MESO",-16.8979919907736,-16.847198298346,-16.9041706579213,-0.0507936924276606,0.00617866714765825
"spec_06_cov8_2_rule3_pairB",8.2,3,"B","OV",-68.917257112428,-68.4227652949758,-69.1698544820649,-0.494491817452214,0.252597369636902
"spec_06_cov8_2_rule3_pairB",8.2,3,"B","PAAD",-27.83576830358,-27.6736885200274,-27.8336244545588,-0.162079783552567,-0.00214384902121267
"spec_06_cov8_2_rule3_pairB",8.2,3,"B","PCPG",-0.986077360072339,-0.89979443629964,-0.866458302374165,-0.0862829237726992,-0.119619057698173
"spec_06_cov8_2_rule3_pairB",8.2,3,"B","PRAD",-5.48609724597514,-5.66646864563603,-5.30014259849449,0.18037139966089,-0.185954647480655
"spec_06_cov8_2_rule3_pairB",8.2,3,"B","SARC",-38.4873452728288,-37.9539525641474,-39.1422194649989,-0.533392708681362,0.654874192170134
"spec_06_cov8_2_rule3_pairB",8.2,3,"B","SKCM",-63.592633140135,-63.5303963886053,-63.5119768201394,-0.0622367515296034,-0.0806563199955121
"spec_06_cov8_2_rule3_pairB",8.2,3,"B","STAD",-60.1992559438856,-60.965298729115,-60.1219966387442,0.766042785229338,-0.0772593051414106
"spec_06_cov8_2_rule3_pairB",8.2,3,"B","TGCT",-1.56941150983643,-1.96006595541158,-1.58248468640516,0.390654445575155,0.0130731765687326
"spec_06_cov8_2_rule3_pairB",8.2,3,"B","THCA",-7.99452345313611,-7.81951519019867,-7.88923473624168,-0.175008262937439,-0.10528871689443
"spec_06_cov8_2_rule3_pairB",8.2,3,"B","THYM",-5.1828372508292,-5.32938907123936,-5.09599415663932,0.146551820410164,-0.0868430941898728
"spec_06_cov8_2_rule3_pairB",8.2,3,"B","UCEC",-50.5817456670123,-48.626350061796,-50.2194451424514,-1.95539560521627,-0.362300524560894
"spec_06_cov8_2_rule3_pairB",8.2,3,"B","UCS",-11.7903148074535,-11.7892947433871,-11.8012793633897,-0.00102006406639887,0.010964555936237
"spec_07_cov10_1_rule1_pairA",10.1,1,"A","ACC",-6.68857464363517,-6.51515306172658,-6.67749896492244,-0.173421581908592,-0.0110756787127348
"spec_07_cov10_1_rule1_pairA",10.1,1,"A","BLCA",-60.0070107890359,-59.882767407751,-60.1150767947366,-0.124243381284892,0.108066005700699
"spec_07_cov10_1_rule1_pairA",10.1,1,"A","BRCA",-53.5167188878709,-53.33382943087,-53.5410011606485,-0.18288945700084,0.0242822727776755
"spec_07_cov10_1_rule1_pairA",10.1,1,"A","CESC",-20.0061036337647,-19.8056152109089,-19.9295903343409,-0.200488422855827,-0.0765132994237625
"spec_07_cov10_1_rule1_pairA",10.1,1,"A","CHOL",-9.97041364131283,-10.1318737909829,-10.211906244114,0.161460149670116,0.241492602801216
"spec_07_cov10_1_rule1_pairA",10.1,1,"A","CORE",-57.5882261888483,-56.5277887575917,-57.5117107574028,-1.0604374312566,-0.0765154314454861
"spec_07_cov10_1_rule1_pairA",10.1,1,"A","DLBC",-3.99747413636653,-4.05676250086065,-4.05274682927721,0.059288364494114,0.0552726929106746
"spec_07_cov10_1_rule1_pairA",10.1,1,"A","ESCA",-26.8673179736466,-27.1462958799979,-27.2845855107718,0.278977906351219,0.417267537125198
"spec_07_cov10_1_rule1_pairA",10.1,1,"A","HNSC",-69.4100934833771,-68.8233389064667,-69.3567662845463,-0.586754576910423,-0.0533271988308144
"spec_07_cov10_1_rule1_pairA",10.1,1,"A","KICH",-5.09269153177426,-4.99059619094526,-5.03692611169964,-0.102095340828996,-0.0557654200746125
"spec_07_cov10_1_rule1_pairA",10.1,1,"A","KIRC",-90.1464923600142,-89.7592278766831,-90.1807620676648,-0.38726448333118,0.0342697076505658
"spec_07_cov10_1_rule1_pairA",10.1,1,"A","KIRP",-22.5351188761045,-23.9201917361441,-22.7799554142405,1.38507286003956,0.244836538135971
"spec_07_cov10_1_rule1_pairA",10.1,1,"A","LGG",-40.0097259205671,-40.1011533887645,-40.0316619630612,0.0914274681974092,0.0219360424940547
"spec_07_cov10_1_rule1_pairA",10.1,1,"A","LIHC",-51.4251988607472,-49.2921962247549,-50.7651022329297,-2.13300263599229,-0.660096627817495
"spec_07_cov10_1_rule1_pairA",10.1,1,"A","LUAD",-62.4851074249982,-62.9162412734836,-62.5950763403184,0.431133848485374,0.109968915320131
"spec_07_cov10_1_rule1_pairA",10.1,1,"A","LUSC",-99.1865451896361,-97.7431373717097,-99.1775261271172,-1.44340781792647,-0.00901906251887397
"spec_07_cov10_1_rule1_pairA",10.1,1,"A","MESO",-16.8813586318688,-16.847198298346,-16.9041706579213,-0.0341603335227951,0.0228120260525237
"spec_07_cov10_1_rule1_pairA",10.1,1,"A","OV",-69.1300569452106,-68.4227652949758,-69.1698544820649,-0.707291650234794,0.0397975368543229
"spec_07_cov10_1_rule1_pairA",10.1,1,"A","PAAD",-28.3314375596103,-27.6736885200274,-27.8336244545588,-0.65774903958286,-0.497813105051506
"spec_07_cov10_1_rule1_pairA",10.1,1,"A","PCPG",-0.899440689654348,-0.89979443629964,-0.866458302374165,0.000353746645291642,-0.0329823872801825
"spec_07_cov10_1_rule1_pairA",10.1,1,"A","PRAD",-5.37544441294669,-5.66646864563603,-5.30014259849449,0.291024232689336,-0.0753018144522084
"spec_07_cov10_1_rule1_pairA",10.1,1,"A","SARC",-38.7443351980105,-37.9539525641474,-39.1422194649989,-0.790382633863075,0.39788426698842
"spec_07_cov10_1_rule1_pairA",10.1,1,"A","SKCM",-63.6736053223615,-63.5303963886053,-63.5119768201394,-0.143208933756142,-0.161628502222051
"spec_07_cov10_1_rule1_pairA",10.1,1,"A","STAD",-60.2012841107377,-60.965298729115,-60.1219966387442,0.764014618377303,-0.079287471993446
"spec_07_cov10_1_rule1_pairA",10.1,1,"A","TGCT",-1.59656920133569,-1.96006595541158,-1.58248468640516,0.363496754075894,-0.0140845149305291
"spec_07_cov10_1_rule1_pairA",10.1,1,"A","THCA",-7.86417233075496,-7.81951519019867,-7.88923473624168,-0.044657140556291,0.0250624054867181
"spec_07_cov10_1_rule1_pairA",10.1,1,"A","THYM",-5.29383093944005,-5.32938907123936,-5.09599415663932,0.0355581317993092,-0.197836782800728
"spec_07_cov10_1_rule1_pairA",10.1,1,"A","UCEC",-50.3564796101129,-48.626350061796,-50.2194451424514,-1.73012954831691,-0.137034467661529
"spec_07_cov10_1_rule1_pairA",10.1,1,"A","UCS",-11.7100912719319,-11.7892947433871,-11.8012793633897,0.0792034714551626,0.0911880914577985
"spec_08_cov10_1_rule1_pairB",10.1,1,"B","ACC",-6.67102144457235,-6.51515306172658,-6.67749896492244,-0.155868382845766,0.0064775203500913
"spec_08_cov10_1_rule1_pairB",10.1,1,"B","BLCA",-59.9000077506065,-59.882767407751,-60.1150767947366,-0.0172403428555228,0.215069044130068
"spec_08_cov10_1_rule1_pairB",10.1,1,"B","BRCA",-53.4230080285909,-53.33382943087,-53.5410011606485,-0.0891785977208457,0.11799313205767
"spec_08_cov10_1_rule1_pairB",10.1,1,"B","CESC",-19.8376906824527,-19.8056152109089,-19.9295903343409,-0.0320754715438589,0.0918996518882054
"spec_08_cov10_1_rule1_pairB",10.1,1,"B","CHOL",-10.1461177994791,-10.1318737909829,-10.211906244114,-0.0142440084961919,0.065788444634908
"spec_08_cov10_1_rule1_pairB",10.1,1,"B","CORE",-57.4652544255041,-56.5277887575917,-57.5117107574028,-0.937465667912441,0.0464563318986677
"spec_08_cov10_1_rule1_pairB",10.1,1,"B","DLBC",-4.05862284022961,-4.05676250086065,-4.05274682927721,-0.00186033936896557,-0.00587601095240498
"spec_08_cov10_1_rule1_pairB",10.1,1,"B","ESCA",-26.8768113647305,-27.1462958799979,-27.2845855107718,0.269484515267376,0.407774146041355
"spec_08_cov10_1_rule1_pairB",10.1,1,"B","HNSC",-69.9162969131518,-68.8233389064667,-69.3567662845463,-1.09295800668512,-0.559530628605515
"spec_08_cov10_1_rule1_pairB",10.1,1,"B","KICH",-5.03550302472079,-4.99059619094526,-5.03692611169964,-0.0449068337755278,0.00142308697885607
"spec_08_cov10_1_rule1_pairB",10.1,1,"B","KIRC",-90.0565814406176,-89.7592278766831,-90.1807620676648,-0.29735356393455,0.124180627047195
"spec_08_cov10_1_rule1_pairB",10.1,1,"B","KIRP",-22.8253139001107,-23.9201917361441,-22.7799554142405,1.09487783603337,-0.0453584858702172
"spec_08_cov10_1_rule1_pairB",10.1,1,"B","LGG",-40.0253351300398,-40.1011533887645,-40.0316619630612,0.075818258724702,0.00632683302134751
"spec_08_cov10_1_rule1_pairB",10.1,1,"B","LIHC",-50.340491630452,-49.2921962247549,-50.7651022329297,-1.04829540569711,0.424610602477685
"spec_08_cov10_1_rule1_pairB",10.1,1,"B","LUAD",-62.6200203812947,-62.9162412734836,-62.5950763403184,0.296220892188856,-0.0249440409763864
"spec_08_cov10_1_rule1_pairB",10.1,1,"B","LUSC",-99.2038059560956,-97.7431373717097,-99.1775261271172,-1.4606685843859,-0.0262798289783035
"spec_08_cov10_1_rule1_pairB",10.1,1,"B","MESO",-16.8257646106736,-16.847198298346,-16.9041706579213,0.0214336876723635,0.0784060472476824
"spec_08_cov10_1_rule1_pairB",10.1,1,"B","OV",-68.874378713122,-68.4227652949758,-69.1698544820649,-0.451613418146195,0.295475768942921
"spec_08_cov10_1_rule1_pairB",10.1,1,"B","PAAD",-28.1701447256055,-27.6736885200274,-27.8336244545588,-0.496456205578024,-0.33652027104667
"spec_08_cov10_1_rule1_pairB",10.1,1,"B","PCPG",-0.903124003997884,-0.89979443629964,-0.866458302374165,-0.00332956769824477,-0.036665701623719
"spec_08_cov10_1_rule1_pairB",10.1,1,"B","PRAD",-5.47870374154421,-5.66646864563603,-5.30014259849449,0.187764904091822,-0.178561143049722
"spec_08_cov10_1_rule1_pairB",10.1,1,"B","SARC",-38.7946401244357,-37.9539525641474,-39.1422194649989,-0.840687560288323,0.347579340563172
"spec_08_cov10_1_rule1_pairB",10.1,1,"B","SKCM",-63.6104280945523,-63.5303963886053,-63.5119768201394,-0.0800317059469862,-0.0984512744128949
"spec_08_cov10_1_rule1_pairB",10.1,1,"B","STAD",-60.4015123567748,-60.965298729115,-60.1219966387442,0.56378637234014,-0.279515718030609
"spec_08_cov10_1_rule1_pairB",10.1,1,"B","TGCT",-1.56658024114377,-1.96006595541158,-1.58248468640516,0.39348571426781,0.015904445261387
"spec_08_cov10_1_rule1_pairB",10.1,1,"B","THCA",-7.85952725950705,-7.81951519019867,-7.88923473624168,-0.040012069308383,0.0297074767346261
"spec_08_cov10_1_rule1_pairB",10.1,1,"B","THYM",-5.13742804755043,-5.32938907123936,-5.09599415663932,0.191961023688928,-0.0414338909111089
"spec_08_cov10_1_rule1_pairB",10.1,1,"B","UCEC",-50.0981558075431,-48.626350061796,-50.2194451424514,-1.4718057457471,0.121289334908283
"spec_08_cov10_1_rule1_pairB",10.1,1,"B","UCS",-11.7554724797533,-11.7892947433871,-11.8012793633897,0.0338222636337928,0.0458068836364287
"spec_09_cov10_1_rule2_pairA",10.1,2,"A","ACC",-6.67881116913427,-6.51515306172658,-6.67749896492244,-0.163658107407684,-0.00131220421182743
"spec_09_cov10_1_rule2_pairA",10.1,2,"A","BLCA",-60.2007605684484,-59.882767407751,-60.1150767947366,-0.317993160697419,-0.0856837737118283
"spec_09_cov10_1_rule2_pairA",10.1,2,"A","BRCA",-53.4774564456409,-53.33382943087,-53.5410011606485,-0.1436270147709,0.063544715007616
"spec_09_cov10_1_rule2_pairA",10.1,2,"A","CESC",-20.0089757896583,-19.8056152109089,-19.9295903343409,-0.20336057874939,-0.0793854553173254
"spec_09_cov10_1_rule2_pairA",10.1,2,"A","CHOL",-10.0243289674004,-10.1318737909829,-10.211906244114,0.107544823582534,0.187577276713634
"spec_09_cov10_1_rule2_pairA",10.1,2,"A","CORE",-57.5290564332955,-56.5277887575917,-57.5117107574028,-1.00126767570384,-0.0173456758927273
"spec_09_cov10_1_rule2_pairA",10.1,2,"A","DLBC",-4.0076123629937,-4.05676250086065,-4.05274682927721,0.0491501378669463,0.0451344662835069
"spec_09_cov10_1_rule2_pairA",10.1,2,"A","ESCA",-26.9381102226482,-27.1462958799979,-27.2845855107718,0.208185657349659,0.346475288123639
"spec_09_cov10_1_rule2_pairA",10.1,2,"A","HNSC",-69.3540266971964,-68.8233389064667,-69.3567662845463,-0.530687790729729,0.002739587349879
"spec_09_cov10_1_rule2_pairA",10.1,2,"A","KICH",-5.06374983987237,-4.99059619094526,-5.03692611169964,-0.0731536489271081,-0.0268237281727242
"spec_09_cov10_1_rule2_pairA",10.1,2,"A","KIRC",-90.100088402955,-89.7592278766831,-90.1807620676648,-0.340860526271953,0.0806736647097921
"spec_09_cov10_1_rule2_pairA",10.1,2,"A","KIRP",-22.5184386671201,-23.9201917361441,-22.7799554142405,1.40175306902395,0.261516747120368
"spec_09_cov10_1_rule2_pairA",10.1,2,"A","LGG",-39.928228525043,-40.1011533887645,-40.0316619630612,0.172924863721498,0.103433438018143
"spec_09_cov10_1_rule2_pairA",10.1,2,"A","LIHC",-51.3418821944712,-49.2921962247549,-50.7651022329297,-2.04968596971635,-0.576779961541554
"spec_09_cov10_1_rule2_pairA",10.1,2,"A","LUAD",-62.5575212101272,-62.9162412734836,-62.5950763403184,0.358720063356401,0.0375551301911585
"spec_09_cov10_1_rule2_pairA",10.1,2,"A","LUSC",-99.1995980360903,-97.7431373717097,-99.1775261271172,-1.45646066438067,-0.022071908973075
"spec_09_cov10_1_rule2_pairA",10.1,2,"A","MESO",-16.8693081853762,-16.847198298346,-16.9041706579213,-0.0221098870302612,0.0348624725450577
"spec_09_cov10_1_rule2_pairA",10.1,2,"A","OV",-69.0457779688521,-68.4227652949758,-69.1698544820649,-0.623012673876289,0.124076513212827
"spec_09_cov10_1_rule2_pairA",10.1,2,"A","PAAD",-28.3495925610784,-27.6736885200274,-27.8336244545588,-0.67590404105098,-0.515968106519626
"spec_09_cov10_1_rule2_pairA",10.1,2,"A","PCPG",-0.892165590274342,-0.89979443629964,-0.866458302374165,0.00762884602529768,-0.0257072879001765
"spec_09_cov10_1_rule2_pairA",10.1,2,"A","PRAD",-5.37472913267674,-5.66646864563603,-5.30014259849449,0.291739512959286,-0.0745865341822585
"spec_09_cov10_1_rule2_pairA",10.1,2,"A","SARC",-39.3172899330567,-37.9539525641474,-39.1422194649989,-1.36333736890928,-0.17507046805779
"spec_09_cov10_1_rule2_pairA",10.1,2,"A","SKCM",-63.5954452834661,-63.5303963886053,-63.5119768201394,-0.0650488948607091,-0.0834684633266178
"spec_09_cov10_1_rule2_pairA",10.1,2,"A","STAD",-60.2886463300328,-60.965298729115,-60.1219966387442,0.676652399082165,-0.166649691288583
"spec_09_cov10_1_rule2_pairA",10.1,2,"A","TGCT",-1.53273780666252,-1.96006595541158,-1.58248468640516,0.427328148749062,0.049746879742639
"spec_09_cov10_1_rule2_pairA",10.1,2,"A","THCA",-7.85374749237543,-7.81951519019867,-7.88923473624168,-0.0342323021767559,0.0354872438662532
"spec_09_cov10_1_rule2_pairA",10.1,2,"A","THYM",-5.25035954595671,-5.32938907123936,-5.09599415663932,0.0790295252826478,-0.154365389317389
"spec_09_cov10_1_rule2_pairA",10.1,2,"A","UCEC",-50.3390052464062,-48.626350061796,-50.2194451424514,-1.71265518461018,-0.119560103954804
"spec_09_cov10_1_rule2_pairA",10.1,2,"A","UCS",-11.616736734196,-11.7892947433871,-11.8012793633897,0.172558009191098,0.184542629193734
"spec_10_cov10_1_rule2_pairB",10.1,2,"B","ACC",-6.62757448663117,-6.51515306172658,-6.67749896492244,-0.112421424904593,0.0499244782912642
"spec_10_cov10_1_rule2_pairB",10.1,2,"B","BLCA",-60.1827051855625,-59.882767407751,-60.1150767947366,-0.299937777811529,-0.0676283908259379
"spec_10_cov10_1_rule2_pairB",10.1,2,"B","BRCA",-53.5887679255935,-53.33382943087,-53.5410011606485,-0.254938494723469,-0.0477667649449529
"spec_10_cov10_1_rule2_pairB",10.1,2,"B","CESC",-19.973123738028,-19.8056152109089,-19.9295903343409,-0.167508527119129,-0.0435334036870643
"spec_10_cov10_1_rule2_pairB",10.1,2,"B","CHOL",-10.3385408965026,-10.1318737909829,-10.211906244114,-0.206667105519641,-0.126634652388541
"spec_10_cov10_1_rule2_pairB",10.1,2,"B","CORE",-57.6252689109486,-56.5277887575917,-57.5117107574028,-1.09748015335692,-0.11355815354581
"spec_10_cov10_1_rule2_pairB",10.1,2,"B","DLBC",-3.96678216630348,-4.05676250086065,-4.05274682927721,0.0899803345571693,0.0859646629737298
"spec_10_cov10_1_rule2_pairB",10.1,2,"B","ESCA",-27.3407084002246,-27.1462958799979,-27.2845855107718,-0.194412520226788,-0.0561228894528085
"spec_10_cov10_1_rule2_pairB",10.1,2,"B","HNSC",-69.3636952010347,-68.8233389064667,-69.3567662845463,-0.540356294567971,-0.0069289164883628
"spec_10_cov10_1_rule2_pairB",10.1,2,"B","KICH",-5.01538055453073,-4.99059619094526,-5.03692611169964,-0.0247843635854688,0.0215455571689152
"spec_10_cov10_1_rule2_pairB",10.1,2,"B","KIRC",-90.1277617941888,-89.7592278766831,-90.1807620676648,-0.368533917505786,0.0530002734759591
"spec_10_cov10_1_rule2_pairB",10.1,2,"B","KIRP",-22.8121192635485,-23.9201917361441,-22.7799554142405,1.10807247259552,-0.0321638493080663
"spec_10_cov10_1_rule2_pairB",10.1,2,"B","LGG",-40.0320867931066,-40.1011533887645,-40.0316619630612,0.0690665956579295,-0.00042483004542504
"spec_10_cov10_1_rule2_pairB",10.1,2,"B","LIHC",-51.224687432191,-49.2921962247549,-50.7651022329297,-1.93249120743615,-0.459585199261355
"spec_10_cov10_1_rule2_pairB",10.1,2,"B","LUAD",-62.6358214058174,-62.9162412734836,-62.5950763403184,0.280419867666239,-0.0407450654990029
"spec_10_cov10_1_rule2_pairB",10.1,2,"B","LUSC",-99.3594085849553,-97.7431373717097,-99.1775261271172,-1.61627121324561,-0.181882457838014
"spec_10_cov10_1_rule2_pairB",10.1,2,"B","MESO",-16.9049486282567,-16.847198298346,-16.9041706579213,-0.0577503299107143,-0.000777970335395395
"spec_10_cov10_1_rule2_pairB",10.1,2,"B","OV",-68.7842790611329,-68.4227652949758,-69.1698544820649,-0.361513766157131,0.385575420931985
"spec_10_cov10_1_rule2_pairB",10.1,2,"B","PAAD",-27.9367882209233,-27.6736885200274,-27.8336244545588,-0.263099700895861,-0.103163766364506
"spec_10_cov10_1_rule2_pairB",10.1,2,"B","PCPG",-0.954888439791479,-0.89979443629964,-0.866458302374165,-0.0550940034918396,-0.0884301374173138
"spec_10_cov10_1_rule2_pairB",10.1,2,"B","PRAD",-5.31110449475101,-5.66646864563603,-5.30014259849449,0.355364150885017,-0.0109618962565277
"spec_10_cov10_1_rule2_pairB",10.1,2,"B","SARC",-39.1012717959942,-37.9539525641474,-39.1422194649989,-1.14731923184684,0.0409476690046517
"spec_10_cov10_1_rule2_pairB",10.1,2,"B","SKCM",-63.4769587151098,-63.5303963886053,-63.5119768201394,0.0534376734955018,0.035018105029593
"spec_10_cov10_1_rule2_pairB",10.1,2,"B","STAD",-60.4412468179026,-60.965298729115,-60.1219966387442,0.524051911212382,-0.319250179158367
"spec_10_cov10_1_rule2_pairB",10.1,2,"B","TGCT",-1.60791968389001,-1.96006595541158,-1.58248468640516,0.352146271521574,-0.0254349974848487
"spec_10_cov10_1_rule2_pairB",10.1,2,"B","THCA",-7.87472711903459,-7.81951519019867,-7.88923473624168,-0.0552119288359192,0.0145076172070899
"spec_10_cov10_1_rule2_pairB",10.1,2,"B","THYM",-5.43014587710789,-5.32938907123936,-5.09599415663932,-0.100756805868526,-0.334151720468563
"spec_10_cov10_1_rule2_pairB",10.1,2,"B","UCEC",-50.0700245595355,-48.626350061796,-50.2194451424514,-1.44367449773952,0.149420582915859
"spec_10_cov10_1_rule2_pairB",10.1,2,"B","UCS",-11.8014923545087,-11.7892947433871,-11.8012793633897,-0.012197611121616,-0.000212991118980099
"spec_11_cov10_1_rule3_pairA",10.1,3,"A","ACC",-6.67966081147376,-6.51515306172658,-6.67749896492244,-0.164507749747174,-0.00216184655131713
"spec_11_cov10_1_rule3_pairA",10.1,3,"A","BLCA",-59.9492171771115,-59.882767407751,-60.1150767947366,-0.0664497693605384,0.165859617625053
"spec_11_cov10_1_rule3_pairA",10.1,3,"A","BRCA",-53.5166603861236,-53.33382943087,-53.5410011606485,-0.182830955253543,0.0243407745249726
"spec_11_cov10_1_rule3_pairA",10.1,3,"A","CESC",-19.8043923153033,-19.8056152109089,-19.9295903343409,0.00122289560554023,0.125198019037605
"spec_11_cov10_1_rule3_pairA",10.1,3,"A","CHOL",-10.1137433597951,-10.1318737909829,-10.211906244114,0.0181304311878598,0.0981628843189597
"spec_11_cov10_1_rule3_pairA",10.1,3,"A","CORE",-57.6119121222282,-56.5277887575917,-57.5117107574028,-1.0841233646365,-0.100201364825388
"spec_11_cov10_1_rule3_pairA",10.1,3,"A","DLBC",-4.13764200468456,-4.05676250086065,-4.05274682927721,-0.0808795038239136,-0.084895175407353
"spec_11_cov10_1_rule3_pairA",10.1,3,"A","ESCA",-26.9288804302079,-27.1462958799979,-27.2845855107718,0.217415449789982,0.355705080563961
"spec_11_cov10_1_rule3_pairA",10.1,3,"A","HNSC",-68.7742200950756,-68.8233389064667,-69.3567662845463,0.0491188113911107,0.582546189470719
"spec_11_cov10_1_rule3_pairA",10.1,3,"A","KICH",-5.07527867319673,-4.99059619094526,-5.03692611169964,-0.0846824822514733,-0.0383525614970894
"spec_11_cov10_1_rule3_pairA",10.1,3,"A","KIRC",-90.0735412357217,-89.7592278766831,-90.1807620676648,-0.314313359038678,0.107220831943067
"spec_11_cov10_1_rule3_pairA",10.1,3,"A","KIRP",-22.6397771469881,-23.9201917361441,-22.7799554142405,1.28041458915597,0.140178267252381
"spec_11_cov10_1_rule3_pairA",10.1,3,"A","LGG",-40.06078495434,-40.1011533887645,-40.0316619630612,0.040368434424515,-0.0291229912788395
"spec_11_cov10_1_rule3_pairA",10.1,3,"A","LIHC",-51.4675172982532,-49.2921962247549,-50.7651022329297,-2.17532107349834,-0.702415065323542
"spec_11_cov10_1_rule3_pairA",10.1,3,"A","LUAD",-62.5363337453681,-62.9162412734836,-62.5950763403184,0.379907528115524,0.0587425949502816
"spec_11_cov10_1_rule3_pairA",10.1,3,"A","LUSC",-98.947214967239,-97.7431373717097,-99.1775261271172,-1.20407759552938,0.230311159878212
"spec_11_cov10_1_rule3_pairA",10.1,3,"A","MESO",-16.8935661933596,-16.847198298346,-16.9041706579213,-0.0463678950136703,0.0106044645616485
"spec_11_cov10_1_rule3_pairA",10.1,3,"A","OV",-69.0901973526862,-68.4227652949758,-69.1698544820649,-0.667432057710457,0.0796571293786599
"spec_11_cov10_1_rule3_pairA",10.1,3,"A","PAAD",-28.2071867420136,-27.6736885200274,-27.8336244545588,-0.533498221986161,-0.373562287454806
"spec_11_cov10_1_rule3_pairA",10.1,3,"A","PCPG",-0.905580152696412,-0.89979443629964,-0.866458302374165,-0.00578571639677206,-0.0391218503222462
"spec_11_cov10_1_rule3_pairA",10.1,3,"A","PRAD",-5.64888587310805,-5.66646864563603,-5.30014259849449,0.0175827725279829,-0.348743274613562
"spec_11_cov10_1_rule3_pairA",10.1,3,"A","SARC",-39.0585639788441,-37.9539525641474,-39.1422194649989,-1.10461141469672,0.0836554861547754
"spec_11_cov10_1_rule3_pairA",10.1,3,"A","SKCM",-63.5974069208195,-63.5303963886053,-63.5119768201394,-0.0670105322141197,-0.0854301006800284
"spec_11_cov10_1_rule3_pairA",10.1,3,"A","STAD",-60.1831027689784,-60.965298729115,-60.1219966387442,0.782195960136612,-0.0611061302341369
"spec_11_cov10_1_rule3_pairA",10.1,3,"A","TGCT",-1.54856042090294,-1.96006595541158,-1.58248468640516,0.41150553450864,0.0339242655022176
"spec_11_cov10_1_rule3_pairA",10.1,3,"A","THCA",-7.78716591471127,-7.81951519019867,-7.88923473624168,0.0323492754873973,0.102068821530406
"spec_11_cov10_1_rule3_pairA",10.1,3,"A","THYM",-5.19607230182045,-5.32938907123936,-5.09599415663932,0.133316769418912,-0.100078145181125
"spec_11_cov10_1_rule3_pairA",10.1,3,"A","UCEC",-50.2687956327669,-48.626350061796,-50.2194451424514,-1.64244557097094,-0.049350490315561
"spec_11_cov10_1_rule3_pairA",10.1,3,"A","UCS",-11.7392609209201,-11.7892947433871,-11.8012793633897,0.050033822467034,0.0620184424696699
"spec_12_cov10_1_rule3_pairB",10.1,3,"B","ACC",-6.59981678143645,-6.51515306172658,-6.67749896492244,-0.084663719709873,0.077682183485984
"spec_12_cov10_1_rule3_pairB",10.1,3,"B","BLCA",-59.9088299904348,-59.882767407751,-60.1150767947366,-0.0260625826837781,0.206246804301813
"spec_12_cov10_1_rule3_pairB",10.1,3,"B","BRCA",-53.5866472572669,-53.33382943087,-53.5410011606485,-0.252817826396857,-0.0456460966183414
"spec_12_cov10_1_rule3_pairB",10.1,3,"B","CESC",-19.8085199333212,-19.8056152109089,-19.9295903343409,-0.00290472241231754,0.121070401019747
"spec_12_cov10_1_rule3_pairB",10.1,3,"B","CHOL",-10.5793727376394,-10.1318737909829,-10.211906244114,-0.447498946656438,-0.367466493525338
"spec_12_cov10_1_rule3_pairB",10.1,3,"B","CORE",-57.4745843368233,-56.5277887575917,-57.5117107574028,-0.946795579231662,0.0371264205794475
"spec_12_cov10_1_rule3_pairB",10.1,3,"B","DLBC",-4.04653909601554,-4.05676250086065,-4.05274682927721,0.0102234048451111,0.00620773326167168
"spec_12_cov10_1_rule3_pairB",10.1,3,"B","ESCA",-26.9427368586331,-27.1462958799979,-27.2845855107718,0.203559021364775,0.341848652138754
"spec_12_cov10_1_rule3_pairB",10.1,3,"B","HNSC",-69.2322343527128,-68.8233389064667,-69.3567662845463,-0.408895446246106,0.124531931833502
"spec_12_cov10_1_rule3_pairB",10.1,3,"B","KICH",-4.98454281907211,-4.99059619094526,-5.03692611169964,0.00605337187314614,0.0523832926275301
"spec_12_cov10_1_rule3_pairB",10.1,3,"B","KIRC",-90.0816405052934,-89.7592278766831,-90.1807620676648,-0.322412628610337,0.0991215623714083
"spec_12_cov10_1_rule3_pairB",10.1,3,"B","KIRP",-22.8381494411477,-23.9201917361441,-22.7799554142405,1.0820422949964,-0.0581940269071879
"spec_12_cov10_1_rule3_pairB",10.1,3,"B","LGG",-39.9414823869722,-40.1011533887645,-40.0316619630612,0.159671001792333,0.0901795760889783
"spec_12_cov10_1_rule3_pairB",10.1,3,"B","LIHC",-49.9377146160936,-49.2921962247549,-50.7651022329297,-0.645518391338697,0.827387616836099
"spec_12_cov10_1_rule3_pairB",10.1,3,"B","LUAD",-62.5841522247783,-62.9162412734836,-62.5950763403184,0.332089048705292,0.0109241155400497
"spec_12_cov10_1_rule3_pairB",10.1,3,"B","LUSC",-99.1051409282342,-97.7431373717097,-99.1775261271172,-1.3620035565246,0.0723851988829978
"spec_12_cov10_1_rule3_pairB",10.1,3,"B","MESO",-16.9311182410719,-16.847198298346,-16.9041706579213,-0.0839199427259771,-0.0269475831506583
"spec_12_cov10_1_rule3_pairB",10.1,3,"B","OV",-68.9217831922718,-68.4227652949758,-69.1698544820649,-0.499017897296056,0.24807128979306
"spec_12_cov10_1_rule3_pairB",10.1,3,"B","PAAD",-28.2103600708688,-27.6736885200274,-27.8336244545588,-0.53667155084139,-0.376735616310036
"spec_12_cov10_1_rule3_pairB",10.1,3,"B","PCPG",-0.926915121349823,-0.89979443629964,-0.866458302374165,-0.0271206850501831,-0.0604568189756572
"spec_12_cov10_1_rule3_pairB",10.1,3,"B","PRAD",-5.55526243045496,-5.66646864563603,-5.30014259849449,0.111206215181068,-0.255119831960477
"spec_12_cov10_1_rule3_pairB",10.1,3,"B","SARC",-38.8661934109992,-37.9539525641474,-39.1422194649989,-0.912240846851795,0.276026053999701
"spec_12_cov10_1_rule3_pairB",10.1,3,"B","SKCM",-63.6577406109804,-63.5303963886053,-63.5119768201394,-0.127344222375022,-0.145763790840931
"spec_12_cov10_1_rule3_pairB",10.1,3,"B","STAD",-60.3436621405057,-60.965298729115,-60.1219966387442,0.621636588609306,-0.221665501761443
"spec_12_cov10_1_rule3_pairB",10.1,3,"B","TGCT",-1.5978334776448,-1.96006595541158,-1.58248468640516,0.362232477766788,-0.0153487912396353
"spec_12_cov10_1_rule3_pairB",10.1,3,"B","THCA",-7.87340670363212,-7.81951519019867,-7.88923473624168,-0.0538915134334443,0.0158280326095648
"spec_12_cov10_1_rule3_pairB",10.1,3,"B","THYM",-5.4322345561191,-5.32938907123936,-5.09599415663932,-0.102845484879742,-0.336240399479779
"spec_12_cov10_1_rule3_pairB",10.1,3,"B","UCEC",-50.0520761387801,-48.626350061796,-50.2194451424514,-1.42572607698412,0.167369003671261
"spec_12_cov10_1_rule3_pairB",10.1,3,"B","UCS",-11.7845810951415,-11.7892947433871,-11.8012793633897,0.00471364824556098,0.0166982682481969
"spec_13_cov1_1_rule1_pairA",1.1,1,"A","ACC",-6.7387193679229,-6.51515306172658,-6.67749896492244,-0.223566306196314,-0.0612204030004575
"spec_13_cov1_1_rule1_pairA",1.1,1,"A","BLCA",-60.1766322235332,-59.882767407751,-60.1150767947366,-0.293864815782207,-0.0615554287966162
"spec_13_cov1_1_rule1_pairA",1.1,1,"A","BRCA",-53.6377793639105,-53.33382943087,-53.5410011606485,-0.303949933040421,-0.0967782032619056
"spec_13_cov1_1_rule1_pairA",1.1,1,"A","CESC",-19.9517727307886,-19.8056152109089,-19.9295903343409,-0.146157519879743,-0.0221823964476791
"spec_13_cov1_1_rule1_pairA",1.1,1,"A","CHOL",-10.1030491916727,-10.1318737909829,-10.211906244114,0.0288245993102105,0.10885705244131
"spec_13_cov1_1_rule1_pairA",1.1,1,"A","CORE",-57.5070377100969,-56.5277887575917,-57.5117107574028,-0.979248952505245,0.00467304730586449
"spec_13_cov1_1_rule1_pairA",1.1,1,"A","DLBC",-4.28940626571651,-4.05676250086065,-4.05274682927721,-0.232643764855861,-0.2366594364393
"spec_13_cov1_1_rule1_pairA",1.1,1,"A","ESCA",-27.4459099326939,-27.1462958799979,-27.2845855107718,-0.299614052696068,-0.161324421922089
"spec_13_cov1_1_rule1_pairA",1.1,1,"A","HNSC",-69.5573188458783,-68.8233389064667,-69.3567662845463,-0.733979939411569,-0.200552561331961
"spec_13_cov1_1_rule1_pairA",1.1,1,"A","KICH",-4.83087668227796,-4.99059619094526,-5.03692611169964,0.159719508667296,0.20604942942168
"spec_13_cov1_1_rule1_pairA",1.1,1,"A","KIRC",-90.0349390330178,-89.7592278766831,-90.1807620676648,-0.275711156334722,0.145823034647023
"spec_13_cov1_1_rule1_pairA",1.1,1,"A","KIRP",-22.8624403174601,-23.9201917361441,-22.7799554142405,1.05775141868396,-0.0824849032196298
"spec_13_cov1_1_rule1_pairA",1.1,1,"A","LGG",-39.8044727342983,-40.1011533887645,-40.0316619630612,0.296680654466265,0.22718922876291
"spec_13_cov1_1_rule1_pairA",1.1,1,"A","LIHC",-51.6247311570159,-49.2921962247549,-50.7651022329297,-2.33253493226105,-0.859628924086259
"spec_13_cov1_1_rule1_pairA",1.1,1,"A","LUAD",-62.5825358734816,-62.9162412734836,-62.5950763403184,0.33370540000201,0.0125404668367679
"spec_13_cov1_1_rule1_pairA",1.1,1,"A","LUSC",-99.4517675247821,-97.7431373717097,-99.1775261271172,-1.70863015307249,-0.274241397664895
"spec_13_cov1_1_rule1_pairA",1.1,1,"A","MESO",-16.8801718075078,-16.847198298346,-16.9041706579213,-0.0329735091618772,0.0239988504134416
"spec_13_cov1_1_rule1_pairA",1.1,1,"A","OV",-69.0560846705468,-68.4227652949758,-69.1698544820649,-0.633319375571034,0.113769811518083
"spec_13_cov1_1_rule1_pairA",1.1,1,"A","PAAD",-27.9723750739831,-27.6736885200274,-27.8336244545588,-0.298686553955655,-0.1387506194243
"spec_13_cov1_1_rule1_pairA",1.1,1,"A","PCPG",-0.951994069216773,-0.89979443629964,-0.866458302374165,-0.0521996329171335,-0.0855357668426077
"spec_13_cov1_1_rule1_pairA",1.1,1,"A","PRAD",-5.38851455866037,-5.66646864563603,-5.30014259849449,0.277954086975664,-0.0883719601658806
"spec_13_cov1_1_rule1_pairA",1.1,1,"A","SARC",-39.0823440546082,-37.9539525641474,-39.1422194649989,-1.12839149046079,0.0598754103907098
"spec_13_cov1_1_rule1_pairA",1.1,1,"A","SKCM",-63.4434509974292,-63.5303963886053,-63.5119768201394,0.0869453911761937,0.068525822710285
"spec_13_cov1_1_rule1_pairA",1.1,1,"A","STAD",-60.6295663597117,-60.965298729115,-60.1219966387442,0.335732369403239,-0.50756972096751
"spec_13_cov1_1_rule1_pairA",1.1,1,"A","TGCT",-1.6773237597295,-1.96006595541158,-1.58248468640516,0.282742195682086,-0.0948390733243369
"spec_13_cov1_1_rule1_pairA",1.1,1,"A","THCA",-7.97875278033077,-7.81951519019867,-7.88923473624168,-0.1592375901321,-0.0895180440890906
"spec_13_cov1_1_rule1_pairA",1.1,1,"A","THYM",-5.17363152398683,-5.32938907123936,-5.09599415663932,0.155757547252526,-0.0776373673475108
"spec_13_cov1_1_rule1_pairA",1.1,1,"A","UCEC",-49.4723749740831,-48.626350061796,-50.2194451424514,-0.846024912287163,0.747070168368218
"spec_13_cov1_1_rule1_pairA",1.1,1,"A","UCS",-11.6919564325428,-11.7892947433871,-11.8012793633897,0.0973383108442842,0.10932293084692
"spec_14_cov1_1_rule1_pairB",1.1,1,"B","ACC",-6.51880483707511,-6.51515306172658,-6.67749896492244,-0.00365177534853167,0.158694127847325
"spec_14_cov1_1_rule1_pairB",1.1,1,"B","BLCA",-59.695721967602,-59.882767407751,-60.1150767947366,0.187045440149042,0.419354827134633
"spec_14_cov1_1_rule1_pairB",1.1,1,"B","BRCA",-53.366359682498,-53.33382943087,-53.5410011606485,-0.0325302516280033,0.174641478150512
"spec_14_cov1_1_rule1_pairB",1.1,1,"B","CESC",-19.9478332881151,-19.8056152109089,-19.9295903343409,-0.142218077206252,-0.0182429537741875
"spec_14_cov1_1_rule1_pairB",1.1,1,"B","CHOL",-9.83229203825482,-10.1318737909829,-10.211906244114,0.299581752728121,0.379614205859221
"spec_14_cov1_1_rule1_pairB",1.1,1,"B","CORE",-57.4768481242625,-56.5277887575917,-57.5117107574028,-0.949059366670866,0.0348626331402428
"spec_14_cov1_1_rule1_pairB",1.1,1,"B","DLBC",-4.28115949828646,-4.05676250086065,-4.05274682927721,-0.224396997425811,-0.22841266900925
"spec_14_cov1_1_rule1_pairB",1.1,1,"B","ESCA",-27.4725712227303,-27.1462958799979,-27.2845855107718,-0.326275342732487,-0.187985711958508
"spec_14_cov1_1_rule1_pairB",1.1,1,"B","HNSC",-68.9572963075906,-68.8233389064667,-69.3567662845463,-0.133957401123908,0.3994699769557
"spec_14_cov1_1_rule1_pairB",1.1,1,"B","KICH",-4.91587816449221,-4.99059619094526,-5.03692611169964,0.074718026453052,0.121047947207436
"spec_14_cov1_1_rule1_pairB",1.1,1,"B","KIRC",-89.9284616947669,-89.7592278766831,-90.1807620676648,-0.169233818083868,0.252300372897878
"spec_14_cov1_1_rule1_pairB",1.1,1,"B","KIRP",-23.0309029038065,-23.9201917361441,-22.7799554142405,0.889288832337552,-0.250947489566034
"spec_14_cov1_1_rule1_pairB",1.1,1,"B","LGG",-40.0137560210668,-40.1011533887645,-40.0316619630612,0.0873973676977471,0.0179059419943925
"spec_14_cov1_1_rule1_pairB",1.1,1,"B","LIHC",-50.3299916794421,-49.2921962247549,-50.7651022329297,-1.03779545468725,0.435110553487547
"spec_14_cov1_1_rule1_pairB",1.1,1,"B","LUAD",-62.4144477426189,-62.9162412734836,-62.5950763403184,0.501793530864695,0.180628597699453
"spec_14_cov1_1_rule1_pairB",1.1,1,"B","LUSC",-99.3610708434166,-97.7431373717097,-99.1775261271172,-1.61793347170699,-0.183544716299394
"spec_14_cov1_1_rule1_pairB",1.1,1,"B","MESO",-16.8642314893144,-16.847198298346,-16.9041706579213,-0.0170331909684798,0.0399391686068391
"spec_14_cov1_1_rule1_pairB",1.1,1,"B","OV",-69.0415197238615,-68.4227652949758,-69.1698544820649,-0.618754428885723,0.128334758203394
"spec_14_cov1_1_rule1_pairB",1.1,1,"B","PAAD",-28.1049156011883,-27.6736885200274,-27.8336244545588,-0.431227081160898,-0.271291146629544
"spec_14_cov1_1_rule1_pairB",1.1,1,"B","PCPG",-0.877815024252798,-0.89979443629964,-0.866458302374165,0.0219794120468416,-0.0113567218786326
"spec_14_cov1_1_rule1_pairB",1.1,1,"B","PRAD",-5.43425712874093,-5.66646864563603,-5.30014259849449,0.232211516895101,-0.134114530246443
"spec_14_cov1_1_rule1_pairB",1.1,1,"B","SARC",-38.9035794783903,-37.9539525641474,-39.1422194649989,-0.949626914242891,0.238639986608604
"spec_14_cov1_1_rule1_pairB",1.1,1,"B","SKCM",-63.4247884464683,-63.5303963886053,-63.5119768201394,0.105607942137048,0.0871883736711396
"spec_14_cov1_1_rule1_pairB",1.1,1,"B","STAD",-60.6719597368943,-60.965298729115,-60.1219966387442,0.293338992220669,-0.54996309815008
"spec_14_cov1_1_rule1_pairB",1.1,1,"B","TGCT",-1.73706920501393,-1.96006595541158,-1.58248468640516,0.222996750397659,-0.154584518608764
"spec_14_cov1_1_rule1_pairB",1.1,1,"B","THCA",-7.88553993788748,-7.81951519019867,-7.88923473624168,-0.0660247476888109,0.00369479835419817
"spec_14_cov1_1_rule1_pairB",1.1,1,"B","THYM",-5.25912167641324,-5.32938907123936,-5.09599415663932,0.0702673948261197,-0.163127519773917
"spec_14_cov1_1_rule1_pairB",1.1,1,"B","UCEC",-49.0459261019567,-48.626350061796,-50.2194451424514,-0.419576040160678,1.1735190404947
"spec_14_cov1_1_rule1_pairB",1.1,1,"B","UCS",-11.8314736887089,-11.7892947433871,-11.8012793633897,-0.04217894532181,-0.0301943253191741
"spec_15_cov1_1_rule2_pairA",1.1,2,"A","ACC",-6.84140453155714,-6.51515306172658,-6.67749896492244,-0.326251469830558,-0.163905566634701
"spec_15_cov1_1_rule2_pairA",1.1,2,"A","BLCA",-60.1785492136463,-59.882767407751,-60.1150767947366,-0.295781805895309,-0.0634724189097184
"spec_15_cov1_1_rule2_pairA",1.1,2,"A","BRCA",-53.6280219804398,-53.33382943087,-53.5410011606485,-0.294192549569779,-0.0870208197912632
"spec_15_cov1_1_rule2_pairA",1.1,2,"A","CESC",-19.9455194601145,-19.8056152109089,-19.9295903343409,-0.139904249205575,-0.0159291257735106
"spec_15_cov1_1_rule2_pairA",1.1,2,"A","CHOL",-10.1281899920175,-10.1318737909829,-10.211906244114,0.00368379896548454,0.0837162520965844
"spec_15_cov1_1_rule2_pairA",1.1,2,"A","CORE",-57.4053716854894,-56.5277887575917,-57.5117107574028,-0.877582927897741,0.106339071913368
"spec_15_cov1_1_rule2_pairA",1.1,2,"A","DLBC",-3.8804248204389,-4.05676250086065,-4.05274682927721,0.176337680421748,0.172322008838308
"spec_15_cov1_1_rule2_pairA",1.1,2,"A","ESCA",-27.8202144897552,-27.1462958799979,-27.2845855107718,-0.673918609757376,-0.535628978983397
"spec_15_cov1_1_rule2_pairA",1.1,2,"A","HNSC",-69.4368134034803,-68.8233389064667,-69.3567662845463,-0.61347449701357,-0.0800471189339618
"spec_15_cov1_1_rule2_pairA",1.1,2,"A","KICH",-4.80813895508668,-4.99059619094526,-5.03692611169964,0.182457235858578,0.228787156612962
"spec_15_cov1_1_rule2_pairA",1.1,2,"A","KIRC",-90.0268213480749,-89.7592278766831,-90.1807620676648,-0.267593471391848,0.153940719589897
"spec_15_cov1_1_rule2_pairA",1.1,2,"A","KIRP",-23.0539378154464,-23.9201917361441,-22.7799554142405,0.866253920697623,-0.273982401205963
"spec_15_cov1_1_rule2_pairA",1.1,2,"A","LGG",-40.0606497743961,-40.1011533887645,-40.0316619630612,0.0405036143684114,-0.0289878113349431
"spec_15_cov1_1_rule2_pairA",1.1,2,"A","LIHC",-51.2415086766707,-49.2921962247549,-50.7651022329297,-1.94931245191583,-0.476406443741034
"spec_15_cov1_1_rule2_pairA",1.1,2,"A","LUAD",-62.4038708356475,-62.9162412734836,-62.5950763403184,0.512370437836054,0.191205504670812
"spec_15_cov1_1_rule2_pairA",1.1,2,"A","LUSC",-99.3001054957976,-97.7431373717097,-99.1775261271172,-1.55696812408793,-0.122579368680334
"spec_15_cov1_1_rule2_pairA",1.1,2,"A","MESO",-16.8650353220778,-16.847198298346,-16.9041706579213,-0.0178370237318362,0.0391353358434827
"spec_15_cov1_1_rule2_pairA",1.1,2,"A","OV",-69.1575943562914,-68.4227652949758,-69.1698544820649,-0.734829061315622,0.0122601257734942
"spec_15_cov1_1_rule2_pairA",1.1,2,"A","PAAD",-28.1236394144584,-27.6736885200274,-27.8336244545588,-0.449950894431009,-0.290014959899654
"spec_15_cov1_1_rule2_pairA",1.1,2,"A","PCPG",-0.958241918511607,-0.89979443629964,-0.866458302374165,-0.0584474822119678,-0.091783616137442
"spec_15_cov1_1_rule2_pairA",1.1,2,"A","PRAD",-5.42180417975765,-5.66646864563603,-5.30014259849449,0.244664465878378,-0.121661581263167
"spec_15_cov1_1_rule2_pairA",1.1,2,"A","SARC",-39.5375385995014,-37.9539525641474,-39.1422194649989,-1.58358603535397,-0.395319134502479
"spec_15_cov1_1_rule2_pairA",1.1,2,"A","SKCM",-63.7054750991405,-63.5303963886053,-63.5119768201394,-0.175078710535125,-0.193498279001034
"spec_15_cov1_1_rule2_pairA",1.1,2,"A","STAD",-60.9714373712229,-60.965298729115,-60.1219966387442,-0.00613864210792059,-0.849440732478669
"spec_15_cov1_1_rule2_pairA",1.1,2,"A","TGCT",-1.59421011237824,-1.96006595541158,-1.58248468640516,0.365855843033345,-0.0117254259730777
"spec_15_cov1_1_rule2_pairA",1.1,2,"A","THCA",-7.83941585595244,-7.81951519019867,-7.88923473624168,-0.0199006657537648,0.0498188802892443
"spec_15_cov1_1_rule2_pairA",1.1,2,"A","THYM",-5.16752042507573,-5.32938907123936,-5.09599415663932,0.16186864616363,-0.0715262684364069
"spec_15_cov1_1_rule2_pairA",1.1,2,"A","UCEC",-50.2482794992981,-48.626350061796,-50.2194451424514,-1.62192943750214,-0.0288343568467582
"spec_15_cov1_1_rule2_pairA",1.1,2,"A","UCS",-11.6710654155272,-11.7892947433871,-11.8012793633897,0.11822932785995,0.130213947862586
"spec_16_cov1_1_rule2_pairB",1.1,2,"B","ACC",-6.50759499470586,-6.51515306172658,-6.67749896492244,0.00755806702071649,0.169903970216573
"spec_16_cov1_1_rule2_pairB",1.1,2,"B","BLCA",-59.9987706917522,-59.882767407751,-60.1150767947366,-0.116003284001238,0.116306102984353
"spec_16_cov1_1_rule2_pairB",1.1,2,"B","BRCA",-53.7113806533162,-53.33382943087,-53.5410011606485,-0.377551222446172,-0.170379492667657
"spec_16_cov1_1_rule2_pairB",1.1,2,"B","CESC",-19.991189712634,-19.8056152109089,-19.9295903343409,-0.185574501725135,-0.0615993782930708
"spec_16_cov1_1_rule2_pairB",1.1,2,"B","CHOL",-10.6457111418057,-10.1318737909829,-10.211906244114,-0.513837350822758,-0.433804897691658
"spec_16_cov1_1_rule2_pairB",1.1,2,"B","CORE",-57.6833268006378,-56.5277887575917,-57.5117107574028,-1.15553804304608,-0.17161604323497
"spec_16_cov1_1_rule2_pairB",1.1,2,"B","DLBC",-4.00141640324025,-4.05676250086065,-4.05274682927721,0.0553460976203937,0.0513304260369543
"spec_16_cov1_1_rule2_pairB",1.1,2,"B","ESCA",-27.2342478298969,-27.1462958799979,-27.2845855107718,-0.0879519498990362,0.0503376808749429
"spec_16_cov1_1_rule2_pairB",1.1,2,"B","HNSC",-69.6044135244891,-68.8233389064667,-69.3567662845463,-0.781074618022359,-0.247647239942751
"spec_16_cov1_1_rule2_pairB",1.1,2,"B","KICH",-4.86040201150364,-4.99059619094526,-5.03692611169964,0.130194179441625,0.176524100196009
"spec_16_cov1_1_rule2_pairB",1.1,2,"B","KIRC",-90.2067660178909,-89.7592278766831,-90.1807620676648,-0.447538141207858,-0.0260039502261122
"spec_16_cov1_1_rule2_pairB",1.1,2,"B","KIRP",-22.982089635837,-23.9201917361441,-22.7799554142405,0.938102100307113,-0.202134221596474
"spec_16_cov1_1_rule2_pairB",1.1,2,"B","LGG",-39.9560760738534,-40.1011533887645,-40.0316619630612,0.145077314911099,0.0755858892077441
"spec_16_cov1_1_rule2_pairB",1.1,2,"B","LIHC",-51.3274372492513,-49.2921962247549,-50.7651022329297,-2.03524102449637,-0.562335016321576
"spec_16_cov1_1_rule2_pairB",1.1,2,"B","LUAD",-62.7923631211168,-62.9162412734836,-62.5950763403184,0.123878152366771,-0.197286780798471
"spec_16_cov1_1_rule2_pairB",1.1,2,"B","LUSC",-98.9563074878817,-97.7431373717097,-99.1775261271172,-1.21317011617209,0.221218639235502
"spec_16_cov1_1_rule2_pairB",1.1,2,"B","MESO",-16.9062617046458,-16.847198298346,-16.9041706579213,-0.0590634062998632,-0.0020910467245443
"spec_16_cov1_1_rule2_pairB",1.1,2,"B","OV",-69.0583825332431,-68.4227652949758,-69.1698544820649,-0.635617238267358,0.111471948821759
"spec_16_cov1_1_rule2_pairB",1.1,2,"B","PAAD",-27.9255252060454,-27.6736885200274,-27.8336244545588,-0.251836686017946,-0.091900751486591
"spec_16_cov1_1_rule2_pairB",1.1,2,"B","PCPG",-0.898457801191049,-0.89979443629964,-0.866458302374165,0.00133663510859083,-0.0319994988168834
"spec_16_cov1_1_rule2_pairB",1.1,2,"B","PRAD",-5.43207922114553,-5.66646864563603,-5.30014259849449,0.234389424490504,-0.131936622651041
"spec_16_cov1_1_rule2_pairB",1.1,2,"B","SARC",-39.493095407399,-37.9539525641474,-39.1422194649989,-1.53914284325159,-0.350875942400094
"spec_16_cov1_1_rule2_pairB",1.1,2,"B","SKCM",-63.6459079092033,-63.5303963886053,-63.5119768201394,-0.115511520597963,-0.133931089063871
"spec_16_cov1_1_rule2_pairB",1.1,2,"B","STAD",-60.2921246004597,-60.965298729115,-60.1219966387442,0.673174128655219,-0.170127961715529
"spec_16_cov1_1_rule2_pairB",1.1,2,"B","TGCT",-1.59835785664407,-1.96006595541158,-1.58248468640516,0.361708098767515,-0.0158731702389074
"spec_16_cov1_1_rule2_pairB",1.1,2,"B","THCA",-7.75423256772912,-7.81951519019867,-7.88923473624168,0.0652826224695522,0.135002168512561
"spec_16_cov1_1_rule2_pairB",1.1,2,"B","THYM",-5.35679029851331,-5.32938907123936,-5.09599415663932,-0.0274012272739537,-0.260796141873991
"spec_16_cov1_1_rule2_pairB",1.1,2,"B","UCEC",-49.4265329448861,-48.626350061796,-50.2194451424514,-0.800182883090109,0.792912197565272
"spec_16_cov1_1_rule2_pairB",1.1,2,"B","UCS",-11.6309130243636,-11.7892947433871,-11.8012793633897,0.15838171902349,0.170366339026126
"spec_17_cov1_1_rule3_pairA",1.1,3,"A","ACC",-6.86189744381164,-6.51515306172658,-6.67749896492244,-0.346744382085062,-0.184398478889205
"spec_17_cov1_1_rule3_pairA",1.1,3,"A","BLCA",-59.7725220310911,-59.882767407751,-60.1150767947366,0.110245376659918,0.342554763645509
"spec_17_cov1_1_rule3_pairA",1.1,3,"A","BRCA",-53.5472303904134,-53.33382943087,-53.5410011606485,-0.213400959543364,-0.0062292297648483
"spec_17_cov1_1_rule3_pairA",1.1,3,"A","CESC",-19.9744436996504,-19.8056152109089,-19.9295903343409,-0.1688284887415,-0.0448533653094358
"spec_17_cov1_1_rule3_pairA",1.1,3,"A","CHOL",-10.0487117022471,-10.1318737909829,-10.211906244114,0.0831620887358469,0.163194541866947
"spec_17_cov1_1_rule3_pairA",1.1,3,"A","CORE",-57.4291454857898,-56.5277887575917,-57.5117107574028,-0.901356728198081,0.0825652716130278
"spec_17_cov1_1_rule3_pairA",1.1,3,"A","DLBC",-4.22169597742213,-4.05676250086065,-4.05274682927721,-0.164933476561487,-0.168949148144926
"spec_17_cov1_1_rule3_pairA",1.1,3,"A","ESCA",-27.7655622788811,-27.1462958799979,-27.2845855107718,-0.619266398883273,-0.480976768109294
"spec_17_cov1_1_rule3_pairA",1.1,3,"A","HNSC",-68.8792598222835,-68.8233389064667,-69.3567662845463,-0.0559209158167846,0.477506462262824
"spec_17_cov1_1_rule3_pairA",1.1,3,"A","KICH",-5.00936265035751,-4.99059619094526,-5.03692611169964,-0.0187664594122454,0.0275634613421385
"spec_17_cov1_1_rule3_pairA",1.1,3,"A","KIRC",-90.0996864945122,-89.7592278766831,-90.1807620676648,-0.340458617829157,0.0810755731525887
"spec_17_cov1_1_rule3_pairA",1.1,3,"A","KIRP",-23.08022612633,-23.9201917361441,-22.7799554142405,0.839965609814104,-0.300270712089482
"spec_17_cov1_1_rule3_pairA",1.1,3,"A","LGG",-39.6629505938311,-40.1011533887645,-40.0316619630612,0.438202794933424,0.36871136923007
"spec_17_cov1_1_rule3_pairA",1.1,3,"A","LIHC",-51.1502893055466,-49.2921962247549,-50.7651022329297,-1.85809308079174,-0.385187072616944
"spec_17_cov1_1_rule3_pairA",1.1,3,"A","LUAD",-62.4371280352222,-62.9162412734836,-62.5950763403184,0.479113238261355,0.157948305096113
"spec_17_cov1_1_rule3_pairA",1.1,3,"A","LUSC",-99.4130462149527,-97.7431373717097,-99.1775261271172,-1.66990884324302,-0.235520087835425
"spec_17_cov1_1_rule3_pairA",1.1,3,"A","MESO",-16.8626471726679,-16.847198298346,-16.9041706579213,-0.0154488743219368,0.0415234852533821
"spec_17_cov1_1_rule3_pairA",1.1,3,"A","OV",-69.0837114081038,-68.4227652949758,-69.1698544820649,-0.660946113127991,0.0861430739611251
"spec_17_cov1_1_rule3_pairA",1.1,3,"A","PAAD",-28.0884210224023,-27.6736885200274,-27.8336244545588,-0.414732502374889,-0.254796567843535
"spec_17_cov1_1_rule3_pairA",1.1,3,"A","PCPG",-0.946553707907056,-0.89979443629964,-0.866458302374165,-0.0467592716074163,-0.0800954055328905
"spec_17_cov1_1_rule3_pairA",1.1,3,"A","PRAD",-5.4355558525432,-5.66646864563603,-5.30014259849449,0.230912793092832,-0.135413254048713
"spec_17_cov1_1_rule3_pairA",1.1,3,"A","SARC",-39.0984037779928,-37.9539525641474,-39.1422194649989,-1.14445121384542,0.0438156870060737
"spec_17_cov1_1_rule3_pairA",1.1,3,"A","SKCM",-63.5793237177986,-63.5303963886053,-63.5119768201394,-0.0489273291932264,-0.0673468976591352
"spec_17_cov1_1_rule3_pairA",1.1,3,"A","STAD",-60.8930990352923,-60.965298729115,-60.1219966387442,0.0721996938226823,-0.771102396548066
"spec_17_cov1_1_rule3_pairA",1.1,3,"A","TGCT",-1.95790061793527,-1.96006595541158,-1.58248468640516,0.00216533747630954,-0.375415931530113
"spec_17_cov1_1_rule3_pairA",1.1,3,"A","THCA",-7.86968469274101,-7.81951519019867,-7.88923473624168,-0.0501695025423352,0.0195500435006739
"spec_17_cov1_1_rule3_pairA",1.1,3,"A","THYM",-5.23836503037168,-5.32938907123936,-5.09599415663932,0.0910240408676817,-0.142370873732355
"spec_17_cov1_1_rule3_pairA",1.1,3,"A","UCEC",-49.2532754537664,-48.626350061796,-50.2194451424514,-0.626925391970396,0.966169688684985
"spec_17_cov1_1_rule3_pairA",1.1,3,"A","UCS",-11.7290518195148,-11.7892947433871,-11.8012793633897,0.060242923872325,0.0722275438749609
"spec_18_cov1_1_rule3_pairB",1.1,3,"B","ACC",-6.42316291338958,-6.51515306172658,-6.67749896492244,0.0919901483369996,0.254336051532857
"spec_18_cov1_1_rule3_pairB",1.1,3,"B","BLCA",-59.7487181336191,-59.882767407751,-60.1150767947366,0.134049274131947,0.366358661117538
"spec_18_cov1_1_rule3_pairB",1.1,3,"B","BRCA",-53.4148293078183,-53.33382943087,-53.5410011606485,-0.0809998769482689,0.126171852830247
"spec_18_cov1_1_rule3_pairB",1.1,3,"B","CESC",-19.886839846127,-19.8056152109089,-19.9295903343409,-0.0812246352181738,0.0427504882138905
"spec_18_cov1_1_rule3_pairB",1.1,3,"B","CHOL",-10.05386925452,-10.1318737909829,-10.211906244114,0.0780045364629913,0.158036989594091
"spec_18_cov1_1_rule3_pairB",1.1,3,"B","CORE",-57.3870787295544,-56.5277887575917,-57.5117107574028,-0.859289971962703,0.124632027848406
"spec_18_cov1_1_rule3_pairB",1.1,3,"B","DLBC",-4.3092994807312,-4.05676250086065,-4.05274682927721,-0.25253697987055,-0.25655265145399
"spec_18_cov1_1_rule3_pairB",1.1,3,"B","ESCA",-27.3968909328521,-27.1462958799979,-27.2845855107718,-0.250595052854266,-0.112305422080286
"spec_18_cov1_1_rule3_pairB",1.1,3,"B","HNSC",-68.8173114251822,-68.8233389064667,-69.3567662845463,0.00602748128453356,0.539454859364142
"spec_18_cov1_1_rule3_pairB",1.1,3,"B","KICH",-4.98451225499094,-4.99059619094526,-5.03692611169964,0.006083935954317,0.0524138567087009
"spec_18_cov1_1_rule3_pairB",1.1,3,"B","KIRC",-89.8956323046751,-89.7592278766831,-90.1807620676648,-0.136404427992005,0.28512976298974
"spec_18_cov1_1_rule3_pairB",1.1,3,"B","KIRP",-22.970198346333,-23.9201917361441,-22.7799554142405,0.949993389811116,-0.19024293209247
"spec_18_cov1_1_rule3_pairB",1.1,3,"B","LGG",-40.0640893104235,-40.1011533887645,-40.0316619630612,0.0370640783409968,-0.0324273473623578
"spec_18_cov1_1_rule3_pairB",1.1,3,"B","LIHC",-50.1058093239295,-49.2921962247549,-50.7651022329297,-0.813613099174617,0.659292909000179
"spec_18_cov1_1_rule3_pairB",1.1,3,"B","LUAD",-62.4065659776567,-62.9162412734836,-62.5950763403184,0.509675295826924,0.188510362661681
"spec_18_cov1_1_rule3_pairB",1.1,3,"B","LUSC",-98.97602891579,-97.7431373717097,-99.1775261271172,-1.23289154408035,0.201497211327251
"spec_18_cov1_1_rule3_pairB",1.1,3,"B","MESO",-16.8682561513536,-16.847198298346,-16.9041706579213,-0.0210578530076795,0.0359145065676394
"spec_18_cov1_1_rule3_pairB",1.1,3,"B","OV",-69.0951872664126,-68.4227652949758,-69.1698544820649,-0.672421971436805,0.0746672156523118
"spec_18_cov1_1_rule3_pairB",1.1,3,"B","PAAD",-27.9933834167152,-27.6736885200274,-27.8336244545588,-0.319694896687736,-0.159758962156381
"spec_18_cov1_1_rule3_pairB",1.1,3,"B","PCPG",-0.865240678751478,-0.89979443629964,-0.866458302374165,0.0345537575481615,0.00121762362268729
"spec_18_cov1_1_rule3_pairB",1.1,3,"B","PRAD",-5.44952912875846,-5.66646864563603,-5.30014259849449,0.216939516877567,-0.149386530263977
"spec_18_cov1_1_rule3_pairB",1.1,3,"B","SARC",-39.0105949662076,-37.9539525641474,-39.1422194649989,-1.05664240206023,0.131624498791268
"spec_18_cov1_1_rule3_pairB",1.1,3,"B","SKCM",-63.4118743866348,-63.5303963886053,-63.5119768201394,0.118522001970533,0.100102433504624
"spec_18_cov1_1_rule3_pairB",1.1,3,"B","STAD",-60.4719415075283,-60.965298729115,-60.1219966387442,0.493357221586685,-0.349944868784064
"spec_18_cov1_1_rule3_pairB",1.1,3,"B","TGCT",-1.93042718591873,-1.96006595541158,-1.58248468640516,0.0296387694928524,-0.34794249951357
"spec_18_cov1_1_rule3_pairB",1.1,3,"B","THCA",-7.77044483325532,-7.81951519019867,-7.88923473624168,0.0490703569433473,0.118789902986356
"spec_18_cov1_1_rule3_pairB",1.1,3,"B","THYM",-5.33502530666154,-5.32938907123936,-5.09599415663932,-0.00563623542217506,-0.239031150022212
"spec_18_cov1_1_rule3_pairB",1.1,3,"B","UCEC",-49.1521440043184,-48.626350061796,-50.2194451424514,-0.525793942522448,1.06730113813293
"spec_18_cov1_1_rule3_pairB",1.1,3,"B","UCS",-11.8113943200901,-11.7892947433871,-11.8012793633897,-0.0220995767030185,-0.0101149567003826
