block,hierarchy,granularity,n_cancers_with_block,n_cancers_in_test,block_presence_eta,avg_pip_screening_eta,n_covs_in_block
0,epithelial_class,2a_3bin,29,27,,0.0631593166505535,1
0,epithelial_class,2b_6bin,29,27,,0.0824764167300205,1
0,epithelial_class,2c_10bin,29,27,,0.3901925307041302,1
0,germ_layer,3a_3bin,29,22,,0.0626633022980594,1
0,germ_layer,3b_mid,29,22,,0.1829194966065906,1
0,hoadley,5a_4plus_unassigned,29,24,,0.2221854134021889,1
0,hoadley,5c_iclusters,29,16,,0.908872640076442,1
0,sex_composition,4_4bin,29,29,,0.2362500098023325,1
0,tissue_origin,1a_5bin,29,29,,0.0581108687065317,1
0,tissue_origin,1b_11bin,29,29,,0.3295893342170731,1
1,epithelial_class,2a_3bin,29,27,,0.2170659788897489,1
1,epithelial_class,2b_6bin,29,27,,0.2729718946780502,1
1,epithelial_class,2c_10bin,29,27,,0.6432297062725162,1
1,germ_layer,3a_3bin,29,22,,0.0485231962282522,1
1,germ_layer,3b_mid,29,22,,0.5058122306315059,1
1,hoadley,5a_4plus_unassigned,29,24,,0.2796329517247052,1
1,hoadley,5c_iclusters,29,16,,0.9871896527795272,1
1,sex_composition,4_4bin,29,29,,0.0661552213799427,1
1,tissue_origin,1a_5bin,29,29,,0.1669984907332675,1
1,tissue_origin,1b_11bin,29,29,,0.4666239646815009,1
2,epithelial_class,2a_3bin,29,27,,0.1881638279700307,1
2,epithelial_class,2b_6bin,29,27,,0.1557480556408959,1
2,epithelial_class,2c_10bin,29,27,,0.2040581309160802,1
2,germ_layer,3a_3bin,29,22,,0.2714303235968967,1
2,germ_layer,3b_mid,29,22,,0.5235103716648434,1
2,hoadley,5a_4plus_unassigned,29,24,,0.1373346622915652,1
2,hoadley,5c_iclusters,29,16,,0.9996912084816648,1
2,sex_composition,4_4bin,29,29,,0.0516578389328045,1
2,tissue_origin,1a_5bin,29,29,,0.2945281790703277,1
2,tissue_origin,1b_11bin,29,29,,0.3280486834138663,1
3,epithelial_class,2a_3bin,19,27,0.08571428571428572,0.10690333726280575,2
3,epithelial_class,2b_6bin,19,27,0.40079365079365087,0.16006739382001478,2
3,epithelial_class,2c_10bin,19,27,0.5500000000000002,0.2868620528054435,2
3,germ_layer,3a_3bin,19,22,0.2562203228869895,0.0785539605163473,2
3,germ_layer,3b_mid,19,22,0.46566951566951564,0.26905866207329965,2
3,hoadley,5a_4plus_unassigned,19,24,0.3942307692307692,0.39789247237099357,2
3,hoadley,5c_iclusters,19,16,1.0,1.0,2
3,sex_composition,4_4bin,19,29,0.16746411483253598,0.35103853006872415,2
3,tissue_origin,1a_5bin,19,29,0.38207336523126006,0.173278409523816,2
3,tissue_origin,1b_11bin,19,29,0.7964912280701755,0.3410190955118906,2
4,epithelial_class,2a_3bin,22,27,0.012244897959183682,0.0566628460341951,1
4,epithelial_class,2b_6bin,22,27,0.1607142857142857,0.1040402746308099,1
4,epithelial_class,2c_10bin,22,27,0.3464285714285714,0.263217837040487,1
4,germ_layer,3a_3bin,22,22,0.1894736842105264,0.1115063473093159,1
4,germ_layer,3b_mid,22,22,0.43391812865497076,0.2781771314443943,1
4,hoadley,5a_4plus_unassigned,22,24,0.4871794871794872,0.1140191985387879,1
4,hoadley,5c_iclusters,22,16,1.0,0.9979329877487716,1
4,sex_composition,4_4bin,22,29,0.9999999999999998,,0
4,tissue_origin,1a_5bin,22,29,0.5206611570247937,0.2113352050492616,1
4,tissue_origin,1b_11bin,22,29,0.8744588744588748,0.2208036728894993,1
5,epithelial_class,2a_3bin,29,27,,0.003354917015473,1
5,epithelial_class,2b_6bin,29,27,,0.0936739472588112,1
5,epithelial_class,2c_10bin,29,27,,0.551523989667316,1
5,germ_layer,3a_3bin,29,22,,0.0587285476394211,1
5,germ_layer,3b_mid,29,22,,0.2571300535671624,1
5,hoadley,5a_4plus_unassigned,29,24,,0.2853154894268747,1
5,hoadley,5c_iclusters,29,16,,0.9837369354405529,1
5,sex_composition,4_4bin,29,29,,0.2076069137701284,1
5,tissue_origin,1a_5bin,29,29,,0.0577609089520503,1
5,tissue_origin,1b_11bin,29,29,,0.2314927078006255,1
6,epithelial_class,2a_3bin,1,27,0.01098901098901099,,0
6,epithelial_class,2b_6bin,1,27,0.04807692307692307,,0
6,epithelial_class,2c_10bin,1,27,0.09134615384615385,,0
6,germ_layer,3a_3bin,1,22,,,0
6,germ_layer,3b_mid,1,22,,,0
6,hoadley,5a_4plus_unassigned,1,24,0.30434782608695626,,0
6,hoadley,5c_iclusters,1,16,1.0,,0
6,sex_composition,4_4bin,1,29,1.0,,0
6,tissue_origin,1a_5bin,1,29,0.05844155844155841,,0
6,tissue_origin,1b_11bin,1,29,0.9999999999999999,,0
7,epithelial_class,2a_3bin,1,27,0.16923076923076924,,0
7,epithelial_class,2b_6bin,1,27,1.0000000000000002,,0
7,epithelial_class,2c_10bin,1,27,1.0,,0
7,germ_layer,3a_3bin,1,22,0.3015873015873015,,0
7,germ_layer,3b_mid,1,22,0.9999999999999997,,0
7,hoadley,5a_4plus_unassigned,1,24,,,0
7,hoadley,5c_iclusters,1,16,,,0
7,sex_composition,4_4bin,1,29,0.011363636363636359,,0
7,tissue_origin,1a_5bin,1,29,0.17142857142857137,,0
7,tissue_origin,1b_11bin,1,29,1.0000000000000002,,0
8,epithelial_class,2a_3bin,28,27,0.16923076923076916,0.3618960946876258,3
8,epithelial_class,2b_6bin,28,27,1.0000000000000002,0.27475538982963493,3
8,epithelial_class,2c_10bin,28,27,1.0,0.3000651266820477,3
8,germ_layer,3a_3bin,28,22,0.3015873015873017,0.08388795158615774,3
8,germ_layer,3b_mid,28,22,0.9999999999999998,0.42487229166120466,3
8,hoadley,5a_4plus_unassigned,28,24,,0.12431687675260496,3
8,hoadley,5c_iclusters,28,16,,0.88543048760364,3
8,sex_composition,4_4bin,28,29,0.011363636363636341,0.18614911956543664,3
8,tissue_origin,1a_5bin,28,29,0.1714285714285713,0.14649649060995576,3
8,tissue_origin,1b_11bin,28,29,0.9999999999999999,0.33007832729479597,3
9,epithelial_class,2a_3bin,1,27,0.01098901098901099,,0
9,epithelial_class,2b_6bin,1,27,0.04807692307692307,,0
9,epithelial_class,2c_10bin,1,27,0.09134615384615385,,0
9,germ_layer,3a_3bin,1,22,0.06878306878306874,,0
9,germ_layer,3b_mid,1,22,0.0833333333333333,,0
9,hoadley,5a_4plus_unassigned,1,24,0.03678929765886287,,0
9,hoadley,5c_iclusters,1,16,1.0,,0
9,sex_composition,4_4bin,1,29,0.011363636363636359,,0
9,tissue_origin,1a_5bin,1,29,0.22321428571428562,,0
9,tissue_origin,1b_11bin,1,29,0.22321428571428567,,0
10,epithelial_class,2a_3bin,27,27,0.352,0.0432027692207139,1
10,epithelial_class,2b_6bin,27,27,0.73,0.2000101704799859,1
10,epithelial_class,2c_10bin,27,27,0.568,0.8996565661009669,1
10,germ_layer,3a_3bin,27,22,0.3015873015873017,0.0053794894636973,1
10,germ_layer,3b_mid,27,22,0.9999999999999998,0.2169660012364678,1
10,hoadley,5a_4plus_unassigned,27,24,0.036789297658862824,0.12870131879885,1
10,hoadley,5c_iclusters,27,16,,0.97421129860981,1
10,sex_composition,4_4bin,27,29,0.21885521885521886,0.0238749641822475,1
10,tissue_origin,1a_5bin,27,29,0.08215488215488215,0.1064862807752542,1
10,tissue_origin,1b_11bin,27,29,0.6419753086419755,0.2919147206130927,1
11,epithelial_class,2a_3bin,4,27,0.049689440993788817,,0
11,epithelial_class,2b_6bin,4,27,0.09161490683229812,0.7035548300578612,1
11,epithelial_class,2c_10bin,4,27,0.8043478260869563,0.8129136127592795,1
11,germ_layer,3a_3bin,4,22,0.03580246913580248,0.7035548300578612,1
11,germ_layer,3b_mid,4,22,0.17500000000000007,0.7035548300578612,1
11,hoadley,5a_4plus_unassigned,4,24,0.4980769230769231,0.8129136127592796,1
11,hoadley,5c_iclusters,4,16,1.0,0.5659843652782756,1
11,sex_composition,4_4bin,4,29,0.050909090909090904,,0
11,tissue_origin,1a_5bin,4,29,0.13878787878787877,0.7035548300578612,1
11,tissue_origin,1b_11bin,4,29,0.6133333333333334,0.7035548300578613,1
12,epithelial_class,2a_3bin,1,27,0.16923076923076924,,0
12,epithelial_class,2b_6bin,1,27,1.0000000000000002,,0
12,epithelial_class,2c_10bin,1,27,1.0,,0
12,germ_layer,3a_3bin,1,22,0.3015873015873015,,0
12,germ_layer,3b_mid,1,22,0.9999999999999997,,0
12,hoadley,5a_4plus_unassigned,1,24,,,0
12,hoadley,5c_iclusters,1,16,,,0
12,sex_composition,4_4bin,1,29,0.011363636363636359,,0
12,tissue_origin,1a_5bin,1,29,0.17142857142857137,,0
12,tissue_origin,1b_11bin,1,29,1.0000000000000002,,0
13,epithelial_class,2a_3bin,8,27,0.028947368421052628,0.2191693061453888,1
13,epithelial_class,2b_6bin,8,27,0.6151315789473683,0.3356371215491661,1
13,epithelial_class,2c_10bin,8,27,0.7335526315789472,0.3356371215491661,1
13,germ_layer,3a_3bin,8,22,0.19189542483660132,0.2880851462568811,1
13,germ_layer,3b_mid,8,22,0.5147058823529413,0.702187482636312,1
13,hoadley,5a_4plus_unassigned,8,24,0.5141700404858299,0.2992708071037632,1
13,hoadley,5c_iclusters,8,16,1.0,,0
13,sex_composition,4_4bin,8,29,0.04667207792207791,0.1399455525273769,1
13,tissue_origin,1a_5bin,8,29,0.13638167388167388,0.2197807886844482,1
13,tissue_origin,1b_11bin,8,29,0.5252976190476191,0.4478643990960914,1
14,epithelial_class,2a_3bin,3,27,0.035714285714285705,,0
14,epithelial_class,2b_6bin,3,27,0.3571428571428571,,0
14,epithelial_class,2c_10bin,3,27,1.0,,0
14,germ_layer,3a_3bin,3,22,0.18947368421052632,,0
14,germ_layer,3b_mid,3,22,0.5368421052631581,,0
14,hoadley,5a_4plus_unassigned,3,24,0.6483516483516484,0.1186669368229221,1
14,hoadley,5c_iclusters,3,16,0.7948717948717948,0.118666936822922,1
14,sex_composition,4_4bin,3,29,0.03671328671328671,,0
14,tissue_origin,1a_5bin,3,29,0.1888111888111888,,0
14,tissue_origin,1b_11bin,3,29,1.0000000000000002,,0
15,epithelial_class,2a_3bin,15,27,0.05902668759811615,0.1230947225914336,1
15,epithelial_class,2b_6bin,15,27,0.3659733124018838,0.3139644676057657,1
15,epithelial_class,2c_10bin,15,27,0.46964285714285714,0.3826457677700033,1
15,germ_layer,3a_3bin,15,22,0.19772079772079773,0.0984547061782948,1
15,germ_layer,3b_mid,15,22,0.4985754985754986,0.0984547061782948,1
15,hoadley,5a_4plus_unassigned,15,24,0.25106837606837606,0.4761237475207879,1
15,hoadley,5c_iclusters,15,16,1.0,1.0,1
15,sex_composition,4_4bin,15,29,0.16201298701298697,0.1064515777856945,1
15,tissue_origin,1a_5bin,15,29,0.20658008658008656,0.1464746561456189,1
15,tissue_origin,1b_11bin,15,29,0.5281746031746032,0.4069995303754812,1
16,epithelial_class,2a_3bin,1,27,0.01098901098901099,,0
16,epithelial_class,2b_6bin,1,27,0.04807692307692307,,0
16,epithelial_class,2c_10bin,1,27,0.48076923076923084,,0
16,germ_layer,3a_3bin,1,22,0.05714285714285713,,0
16,germ_layer,3b_mid,1,22,0.3015873015873014,,0
16,hoadley,5a_4plus_unassigned,1,24,0.30434782608695626,,0
16,hoadley,5c_iclusters,1,16,1.0,,0
16,sex_composition,4_4bin,1,29,0.22321428571428562,,0
16,tissue_origin,1a_5bin,1,29,0.05844155844155841,,0
16,tissue_origin,1b_11bin,1,29,0.22321428571428564,,0
17,epithelial_class,2a_3bin,5,27,0.07428571428571427,0.002641586554334,1
17,epithelial_class,2b_6bin,5,27,0.30162337662337657,0.5329368795585316,1
17,epithelial_class,2c_10bin,5,27,0.7054545454545454,0.3307168987133763,1
17,germ_layer,3a_3bin,5,22,0.14444444444444446,,0
17,germ_layer,3b_mid,5,22,0.24375000000000002,,0
17,hoadley,5a_4plus_unassigned,5,24,0.1208791208791209,,0
17,hoadley,5c_iclusters,5,16,1.0,,0
17,sex_composition,4_4bin,5,29,0.08825757575757574,0.3714903782982482,1
17,tissue_origin,1a_5bin,5,29,0.028573232323232323,0.4716922291487657,1
17,tissue_origin,1b_11bin,5,29,0.4965277777777778,0.4716922291487657,1
18,epithelial_class,2a_3bin,1,27,0.01098901098901099,,0
18,epithelial_class,2b_6bin,1,27,0.04807692307692307,,0
18,epithelial_class,2c_10bin,1,27,0.09134615384615385,,0
18,germ_layer,3a_3bin,1,22,,,0
18,germ_layer,3b_mid,1,22,,,0
18,hoadley,5a_4plus_unassigned,1,24,0.036789297658862866,,0
18,hoadley,5c_iclusters,1,16,1.0,,0
18,sex_composition,4_4bin,1,29,0.48214285714285704,,0
18,tissue_origin,1a_5bin,1,29,0.05844155844155841,,0
18,tissue_origin,1b_11bin,1,29,0.3095238095238093,,0
19,epithelial_class,2a_3bin,1,27,0.01098901098901099,,0
19,epithelial_class,2b_6bin,1,27,0.04807692307692307,,0
19,epithelial_class,2c_10bin,1,27,0.09134615384615385,,0
19,germ_layer,3a_3bin,1,22,,,0
19,germ_layer,3b_mid,1,22,,,0
19,hoadley,5a_4plus_unassigned,1,24,0.036789297658862866,,0
19,hoadley,5c_iclusters,1,16,1.0,,0
19,sex_composition,4_4bin,1,29,0.48214285714285704,,0
19,tissue_origin,1a_5bin,1,29,0.05844155844155841,,0
19,tissue_origin,1b_11bin,1,29,0.3095238095238093,,0
20,epithelial_class,2a_3bin,20,27,0.2317460317460317,0.2759554841394969,1
20,epithelial_class,2b_6bin,20,27,0.255952380952381,0.3899006556774128,1
20,epithelial_class,2c_10bin,20,27,0.37638888888888894,0.5558349623521222,1
20,germ_layer,3a_3bin,20,22,0.42962962962962964,0.0207421185586207,1
20,germ_layer,3b_mid,20,22,0.6161458333333334,0.8134336371998994,1
20,hoadley,5a_4plus_unassigned,20,24,0.1441499676793794,0.1150406007544314,1
20,hoadley,5c_iclusters,20,16,0.873015873015873,0.9728240218443384,1
20,sex_composition,4_4bin,20,29,0.15050505050505047,0.0924697664102893,1
20,tissue_origin,1a_5bin,20,29,0.3343181818181818,0.2194521427691568,1
20,tissue_origin,1b_11bin,20,29,0.5569444444444445,0.5205287612274959,1
21,epithelial_class,2a_3bin,2,27,0.05371428571428571,,0
21,epithelial_class,2b_6bin,2,27,0.26714285714285707,,0
21,epithelial_class,2c_10bin,2,27,0.35200000000000004,,0
21,germ_layer,3a_3bin,2,22,,,0
21,germ_layer,3b_mid,2,22,,,0
21,hoadley,5a_4plus_unassigned,2,24,0.03678929765886287,,0
21,hoadley,5c_iclusters,2,16,,,0
21,sex_composition,4_4bin,2,29,0.21885521885521877,,0
21,tissue_origin,1a_5bin,2,29,0.10900673400673402,,0
21,tissue_origin,1b_11bin,2,29,0.23919753086419757,,0
22,epithelial_class,2a_3bin,12,27,0.056168831168831174,0.0511227255816253,1
22,epithelial_class,2b_6bin,12,27,0.382711038961039,0.2859880698082129,1
22,epithelial_class,2c_10bin,12,27,0.5857954545454547,0.8316844671552903,1
22,germ_layer,3a_3bin,12,22,0.2075925925925926,0.184408208864983,1
22,germ_layer,3b_mid,12,22,0.36444444444444457,0.5946635954763213,1
22,hoadley,5a_4plus_unassigned,12,24,0.22001075847229692,0.4351289996717776,1
22,hoadley,5c_iclusters,12,16,1.0,0.6859906524390176,1
22,sex_composition,4_4bin,12,29,0.2181372549019608,0.1437575956610015,1
22,tissue_origin,1a_5bin,12,29,0.07662655971479501,0.3582613096897477,1
22,tissue_origin,1b_11bin,12,29,0.6090686274509803,0.8449217724310111,1
23,epithelial_class,2a_3bin,7,27,0.11102040816326532,0.0513101367314653,1
23,epithelial_class,2b_6bin,7,27,0.07933673469387754,0.2683689818179909,1
23,epithelial_class,2c_10bin,7,27,0.2623214285714286,0.3222435661697778,1
23,germ_layer,3a_3bin,7,22,0.28449074074074066,0.0307233086470163,1
23,germ_layer,3b_mid,7,22,0.5416666666666665,0.5775784253405553,1
23,hoadley,5a_4plus_unassigned,7,24,0.6239316239316239,0.1358414524424286,1
23,hoadley,5c_iclusters,7,16,1.0,,0
23,sex_composition,4_4bin,7,29,0.08412042502951596,0.0212393718616224,1
23,tissue_origin,1a_5bin,7,29,0.521231798504526,0.0513101367314653,1
23,tissue_origin,1b_11bin,7,29,0.6233766233766236,0.3239075663101806,1
24,epithelial_class,2a_3bin,19,27,0.06823529411764705,0.0014020027568165,1
24,epithelial_class,2b_6bin,19,27,0.19075630252100836,0.2627407275267159,1
24,epithelial_class,2c_10bin,19,27,0.31308823529411767,0.4426445104678512,1
24,germ_layer,3a_3bin,19,22,0.12407407407407409,0.1558826161578248,1
24,germ_layer,3b_mid,19,22,0.38888888888888884,0.2519997024081853,1
24,hoadley,5a_4plus_unassigned,19,24,0.1557853910795087,0.4519096945334052,1
24,hoadley,5c_iclusters,19,16,1.0,0.4617427512993667,1
24,sex_composition,4_4bin,19,29,0.1050239234449761,0.0072513458022904,1
24,tissue_origin,1a_5bin,19,29,0.1970653907496013,0.1964676849581787,1
24,tissue_origin,1b_11bin,19,29,0.4403508771929825,0.4120093059922613,1
25,epithelial_class,2a_3bin,4,27,0.04968944099378881,,0
25,epithelial_class,2b_6bin,4,27,0.11956521739130432,0.8573828473568834,1
25,epithelial_class,2c_10bin,4,27,0.22961956521739124,0.8573828473568834,1
25,germ_layer,3a_3bin,4,22,0.32098765432098775,,0
25,germ_layer,3b_mid,4,22,0.4270833333333334,0.2240013542580168,1
25,hoadley,5a_4plus_unassigned,4,24,0.7142857142857143,,0
25,hoadley,5c_iclusters,4,16,1.0,,0
25,sex_composition,4_4bin,4,29,0.050909090909090904,,0
25,tissue_origin,1a_5bin,4,29,0.6133333333333333,,0
25,tissue_origin,1b_11bin,4,29,0.8066666666666666,0.0022157216044412,1
26,epithelial_class,2a_3bin,6,27,0.012244897959183668,0.8734661872536472,1
26,epithelial_class,2b_6bin,6,27,0.8163265306122448,0.9566657740099604,1
26,epithelial_class,2c_10bin,6,27,0.8285714285714285,0.9566657740099604,1
26,germ_layer,3a_3bin,6,22,0.14230019493177384,0.9873086497923822,1
26,germ_layer,3b_mid,6,22,0.22807017543859653,0.9873086497923822,1
26,hoadley,5a_4plus_unassigned,6,24,0.6483516483516484,0.9739777810821336,1
26,hoadley,5c_iclusters,6,16,1.0,,0
26,sex_composition,4_4bin,6,29,0.030467720685111995,0.0163761723033943,1
26,tissue_origin,1a_5bin,6,29,0.08873517786561265,0.4433952397234623,1
26,tissue_origin,1b_11bin,6,29,0.2820048309178744,1.0,1
27,epithelial_class,2a_3bin,2,27,0.053714285714285714,,0
27,epithelial_class,2b_6bin,2,27,0.5371428571428571,,0
27,epithelial_class,2c_10bin,2,27,0.568,,0
27,germ_layer,3a_3bin,2,22,0.30158730158730146,,0
27,germ_layer,3b_mid,2,22,0.4761904761904759,,0
27,hoadley,5a_4plus_unassigned,2,24,0.036789297658862866,,0
27,hoadley,5c_iclusters,2,16,1.0,,0
27,sex_composition,4_4bin,2,29,0.023569023569023573,,0
27,tissue_origin,1a_5bin,2,29,0.10900673400673401,,0
27,tissue_origin,1b_11bin,2,29,0.23919753086419757,,0
28,epithelial_class,2a_3bin,4,27,0.04968944099378881,,0
28,epithelial_class,2b_6bin,4,27,0.11956521739130432,0.1725921579710415,1
28,epithelial_class,2c_10bin,4,27,0.22961956521739124,0.1725921579710415,1
28,germ_layer,3a_3bin,4,22,0.32098765432098775,,0
28,germ_layer,3b_mid,4,22,0.4270833333333334,0.0329496432462824,1
28,hoadley,5a_4plus_unassigned,4,24,0.7142857142857143,,0
28,hoadley,5c_iclusters,4,16,1.0,,0
28,sex_composition,4_4bin,4,29,0.050909090909090904,,0
28,tissue_origin,1a_5bin,4,29,0.6133333333333333,,0
28,tissue_origin,1b_11bin,4,29,0.8066666666666666,0.390380698372514,1
29,epithelial_class,2a_3bin,2,27,0.022857142857142854,,0
29,epithelial_class,2b_6bin,2,27,0.09999999999999995,,0
29,epithelial_class,2c_10bin,2,27,0.25749999999999995,,0
29,germ_layer,3a_3bin,2,22,0.016111111111111114,,0
29,germ_layer,3b_mid,2,22,0.56,,0
29,hoadley,5a_4plus_unassigned,2,24,0.22727272727272735,,0
29,hoadley,5c_iclusters,2,16,1.0,,0
29,sex_composition,4_4bin,2,29,0.08459595959595961,,0
29,tissue_origin,1a_5bin,2,29,0.0642536475869809,,0
29,tissue_origin,1b_11bin,2,29,0.23919753086419754,,0
30,epithelial_class,2a_3bin,1,27,0.01098901098901099,,0
30,epithelial_class,2b_6bin,1,27,0.04807692307692307,,0
30,epithelial_class,2c_10bin,1,27,0.09134615384615385,,0
30,germ_layer,3a_3bin,1,22,,,0
30,germ_layer,3b_mid,1,22,,,0
30,hoadley,5a_4plus_unassigned,1,24,0.30434782608695626,,0
30,hoadley,5c_iclusters,1,16,1.0,,0
30,sex_composition,4_4bin,1,29,1.0,,0
30,tissue_origin,1a_5bin,1,29,0.05844155844155841,,0
30,tissue_origin,1b_11bin,1,29,0.9999999999999999,,0
31,epithelial_class,2a_3bin,8,27,0.12030075187969924,,0
31,epithelial_class,2b_6bin,8,27,0.15202067669172936,0.8331412442655625,1
31,epithelial_class,2c_10bin,8,27,0.25986842105263164,0.8331549221410579,1
31,germ_layer,3a_3bin,8,22,0.06823529411764706,0.4055351960095184,1
31,germ_layer,3b_mid,8,22,0.1350980392156863,0.9939694914504548,1
31,hoadley,5a_4plus_unassigned,8,24,0.32331730769230765,0.8379998549702439,1
31,hoadley,5c_iclusters,8,16,0.8545454545454545,1.0,1
31,sex_composition,4_4bin,8,29,0.11728896103896105,0.1480349847314949,1
31,tissue_origin,1a_5bin,8,29,0.16358225108225108,0.2535396270570457,1
31,tissue_origin,1b_11bin,8,29,0.29513888888888884,0.9999411164778144,1
32,epithelial_class,2a_3bin,3,27,0.02285714285714285,,0
32,epithelial_class,2b_6bin,3,27,0.09999999999999996,,0
32,epithelial_class,2c_10bin,3,27,0.12249999999999998,,0
32,germ_layer,3a_3bin,3,22,0.05224171539961015,0.1646213227149761,1
32,germ_layer,3b_mid,3,22,0.16374269005847952,0.1646213227149761,1
32,hoadley,5a_4plus_unassigned,3,24,0.16483516483516483,0.9888448416576572,1
32,hoadley,5c_iclusters,3,16,1.0,,0
32,sex_composition,4_4bin,3,29,0.03671328671328671,,0
32,tissue_origin,1a_5bin,3,29,1.0000000000000002,,0
32,tissue_origin,1b_11bin,3,29,1.0000000000000002,,0
33,epithelial_class,2a_3bin,3,27,0.02285714285714285,,0
33,epithelial_class,2b_6bin,3,27,0.09999999999999995,,0
33,epithelial_class,2c_10bin,3,27,1.0,,0
33,germ_layer,3a_3bin,3,22,0.18947368421052635,,0
33,germ_layer,3b_mid,3,22,0.43391812865497076,0.0076411812033116,1
33,hoadley,5a_4plus_unassigned,3,24,0.3943833943833943,0.8215922409646458,1
33,hoadley,5c_iclusters,3,16,1.0,,0
33,sex_composition,4_4bin,3,29,0.7211538461538463,,0
33,tissue_origin,1a_5bin,3,29,0.1888111888111888,,0
33,tissue_origin,1b_11bin,3,29,0.721153846153846,,0
34,epithelial_class,2a_3bin,14,27,0.13714285714285718,0.0483842804121867,1
34,epithelial_class,2b_6bin,14,27,0.16071428571428567,0.2345062042767289,1
34,epithelial_class,2c_10bin,14,27,0.48249999999999993,0.2513250528955499,1
34,germ_layer,3a_3bin,14,22,0.19333333333333338,0.1166179798996297,1
34,germ_layer,3b_mid,14,22,0.43625,0.1792192558751773,1
34,hoadley,5a_4plus_unassigned,14,24,0.37606837606837606,0.392078247070813,1
34,hoadley,5c_iclusters,14,16,0.875,1.0,1
34,sex_composition,4_4bin,14,29,0.24675324675324675,0.0588015469836855,1
34,tissue_origin,1a_5bin,14,29,0.2848340548340549,0.1507972323119848,1
34,tissue_origin,1b_11bin,14,29,0.6777777777777779,0.4419154734149063,1
35,epithelial_class,2a_3bin,4,27,0.010559006211180125,0.0019971853463384,1
35,epithelial_class,2b_6bin,4,27,0.08812111801242234,0.0019971853463384,1
35,epithelial_class,2c_10bin,4,27,0.5084239130434782,1.0,1
35,germ_layer,3a_3bin,4,22,0.04598765432098766,0.0030597921674995,1
35,germ_layer,3b_mid,4,22,0.1444444444444445,0.0030597921674995,1
35,hoadley,5a_4plus_unassigned,4,24,0.08269230769230769,0.6638606076298057,1
35,hoadley,5c_iclusters,4,16,0.7948717948717948,1.0,1
35,sex_composition,4_4bin,4,29,0.050909090909090904,,0
35,tissue_origin,1a_5bin,4,29,0.32333333333333336,6.62850238074901e-07,1
35,tissue_origin,1b_11bin,4,29,0.5166666666666666,6.62850238074901e-07,1
36,epithelial_class,2a_3bin,8,27,0.13469387755102039,0.926704637961158,1
36,epithelial_class,2b_6bin,8,27,0.06887755102040817,0.6713629460072317,1
36,epithelial_class,2c_10bin,8,27,0.26071428571428573,0.6713629460072317,1
36,germ_layer,3a_3bin,8,22,0.14875816993464058,0.0126223013369054,1
36,germ_layer,3b_mid,8,22,0.6009803921568626,0.99763627789719,1
36,hoadley,5a_4plus_unassigned,8,24,0.24757595345830644,0.1133356157476476,1
36,hoadley,5c_iclusters,8,16,1.0,1.0,1
36,sex_composition,4_4bin,8,29,0.030979437229437228,0.0353014621299247,1
36,tissue_origin,1a_5bin,8,29,0.22269119769119772,0.0205488905609783,1
36,tissue_origin,1b_11bin,8,29,0.46775793650793657,0.0459270184472835,1
37,epithelial_class,2a_3bin,4,27,0.11677018633540374,0.0011164460672191,1
37,epithelial_class,2b_6bin,4,27,0.1125776397515528,0.3915556705901978,1
37,epithelial_class,2c_10bin,4,27,0.24429347826086956,0.6095607754770213,1
37,germ_layer,3a_3bin,4,22,0.12514619883040934,0.1983809572467993,1
37,germ_layer,3b_mid,4,22,0.3438596491228071,0.1983809572467993,1
37,hoadley,5a_4plus_unassigned,4,24,0.10769230769230767,0.381428992671575,1
37,hoadley,5c_iclusters,4,16,0.7948717948717948,1.0,1
37,sex_composition,4_4bin,4,29,0.11022727272727273,0.4728272446031487,1
37,tissue_origin,1a_5bin,4,29,0.07595454545454546,0.5392127144140603,1
37,tissue_origin,1b_11bin,4,29,0.37166666666666653,1.0,1
38,epithelial_class,2a_3bin,1,27,0.16923076923076924,,0
38,epithelial_class,2b_6bin,1,27,1.0000000000000002,,0
38,epithelial_class,2c_10bin,1,27,1.0,,0
38,germ_layer,3a_3bin,1,22,0.3015873015873015,,0
38,germ_layer,3b_mid,1,22,0.9999999999999997,,0
38,hoadley,5a_4plus_unassigned,1,24,,,0
38,hoadley,5c_iclusters,1,16,,,0
38,sex_composition,4_4bin,1,29,0.011363636363636359,,0
38,tissue_origin,1a_5bin,1,29,0.17142857142857137,,0
38,tissue_origin,1b_11bin,1,29,1.0000000000000002,,0
39,epithelial_class,2a_3bin,8,27,0.49673469387755126,0.3222464917440971,1
39,epithelial_class,2b_6bin,8,27,0.49260204081632664,0.0634316476926419,1
39,epithelial_class,2c_10bin,8,27,0.8312500000000002,0.0162394672818532,1
39,germ_layer,3a_3bin,8,22,0.2972222222222222,0.0646320147220272,1
39,germ_layer,3b_mid,8,22,0.6638888888888889,0.7345307057890774,1
39,hoadley,5a_4plus_unassigned,8,24,0.34841628959276016,,0
39,hoadley,5c_iclusters,8,16,0.8545454545454545,1.0,1
39,sex_composition,4_4bin,8,29,0.08982683982683981,0.0632911782283033,1
39,tissue_origin,1a_5bin,8,29,0.3913870851370852,0.4823555792164636,1
39,tissue_origin,1b_11bin,8,29,0.5252976190476192,0.6116814759053291,1
40,epithelial_class,2a_3bin,1,27,0.16923076923076924,,0
40,epithelial_class,2b_6bin,1,27,0.10989010989010987,,0
40,epithelial_class,2c_10bin,1,27,0.1692307692307693,,0
40,germ_layer,3a_3bin,1,22,0.3015873015873015,,0
40,germ_layer,3b_mid,1,22,0.4761904761904759,,0
40,hoadley,5a_4plus_unassigned,1,24,0.03678929765886287,,0
40,hoadley,5c_iclusters,1,16,1.0,,0
40,sex_composition,4_4bin,1,29,0.011363636363636359,,0
40,tissue_origin,1a_5bin,1,29,0.1714285714285714,,0
40,tissue_origin,1b_11bin,1,29,0.9999999999999999,,0
41,epithelial_class,2a_3bin,1,27,0.01098901098901099,,0
41,epithelial_class,2b_6bin,1,27,0.04807692307692307,,0
41,epithelial_class,2c_10bin,1,27,0.09134615384615385,,0
41,germ_layer,3a_3bin,1,22,0.06878306878306874,,0
41,germ_layer,3b_mid,1,22,0.0833333333333333,,0
41,hoadley,5a_4plus_unassigned,1,24,0.03678929765886287,,0
41,hoadley,5c_iclusters,1,16,1.0,,0
41,sex_composition,4_4bin,1,29,0.011363636363636359,,0
41,tissue_origin,1a_5bin,1,29,0.3095238095238093,,0
41,tissue_origin,1b_11bin,1,29,0.30952380952380926,,0
42,epithelial_class,2a_3bin,10,27,0.1680672268907563,,0
42,epithelial_class,2b_6bin,10,27,0.5367647058823528,0.1702585144516046,1
42,epithelial_class,2c_10bin,10,27,0.6823529411764705,0.2690324630566584,1
42,germ_layer,3a_3bin,10,22,0.674074074074074,,0
42,germ_layer,3b_mid,10,22,0.6857142857142857,0.0199664897594327,1
42,hoadley,5a_4plus_unassigned,10,24,0.8138332255979314,0.5014556303477173,1
42,hoadley,5c_iclusters,10,16,1.0,,0
42,sex_composition,4_4bin,10,29,0.0738038277511962,0.1169073024260717,1
42,tissue_origin,1a_5bin,10,29,0.3991866028708135,0.3153447999172663,1
42,tissue_origin,1b_11bin,10,29,0.4785087719298247,0.5402428911680409,1
43,epithelial_class,2a_3bin,3,27,0.035714285714285705,,0
43,epithelial_class,2b_6bin,3,27,0.15625,,0
43,epithelial_class,2c_10bin,3,27,0.29687500000000006,,0
43,germ_layer,3a_3bin,3,22,0.14444444444444446,,0
43,germ_layer,3b_mid,3,22,0.17500000000000007,,0
43,hoadley,5a_4plus_unassigned,3,24,0.0695970695970696,0.5160720134703449,2
43,hoadley,5c_iclusters,3,16,1.0,,0
43,sex_composition,4_4bin,3,29,0.13811188811188815,0.4142603865464424,2
43,tissue_origin,1a_5bin,3,29,0.07332944832944835,1.0,2
43,tissue_origin,1b_11bin,3,29,0.22542735042735046,1.0,2
44,epithelial_class,2a_3bin,5,27,0.0649350649350649,,0
44,epithelial_class,2b_6bin,5,27,0.7896103896103894,0.9148590933234002,1
44,epithelial_class,2c_10bin,5,27,0.8036363636363634,0.9148590933234002,1
44,germ_layer,3a_3bin,5,22,0.14444444444444446,,0
44,germ_layer,3b_mid,5,22,0.17500000000000007,,0
44,hoadley,5a_4plus_unassigned,5,24,1.0,,0
44,hoadley,5c_iclusters,5,16,,,0
44,sex_composition,4_4bin,5,29,0.027840909090909097,0.0093367285225183,1
44,tissue_origin,1a_5bin,5,29,0.04321969696969697,1.0,1
44,tissue_origin,1b_11bin,5,29,0.15416666666666665,1.0,1
45,epithelial_class,2a_3bin,1,27,0.01098901098901099,,0
45,epithelial_class,2b_6bin,1,27,0.04807692307692307,,0
45,epithelial_class,2c_10bin,1,27,0.09134615384615385,,0
45,germ_layer,3a_3bin,1,22,,,0
45,germ_layer,3b_mid,1,22,,,0
45,hoadley,5a_4plus_unassigned,1,24,0.30434782608695626,,0
45,hoadley,5c_iclusters,1,16,1.0,,0
45,sex_composition,4_4bin,1,29,1.0,,0
45,tissue_origin,1a_5bin,1,29,0.05844155844155841,,0
45,tissue_origin,1b_11bin,1,29,0.9999999999999999,,0
46,epithelial_class,2a_3bin,6,27,0.010559006211180125,0.0993477038346693,1
46,epithelial_class,2b_6bin,6,27,0.14402173913043476,0.0998439006542983,1
46,epithelial_class,2c_10bin,6,27,0.779891304347826,0.0998439006542983,1
46,germ_layer,3a_3bin,6,22,0.35294117647058826,,0
46,germ_layer,3b_mid,6,22,0.7929411764705883,0.3362804696582548,1
46,hoadley,5a_4plus_unassigned,6,24,0.24858299595141697,0.1255367229082785,1
46,hoadley,5c_iclusters,6,16,1.0,1.0,1
46,sex_composition,4_4bin,6,29,0.6179183135704875,0.3111036530849029,1
46,tissue_origin,1a_5bin,6,29,0.1568730786122091,0.952065418344842,1
46,tissue_origin,1b_11bin,6,29,0.7198067632850244,0.952065418344842,1
47,epithelial_class,2a_3bin,1,27,0.01098901098901099,,0
47,epithelial_class,2b_6bin,1,27,0.04807692307692307,,0
47,epithelial_class,2c_10bin,1,27,0.09134615384615385,,0
47,germ_layer,3a_3bin,1,22,0.06878306878306874,,0
47,germ_layer,3b_mid,1,22,0.0833333333333333,,0
47,hoadley,5a_4plus_unassigned,1,24,0.03678929765886287,,0
47,hoadley,5c_iclusters,1,16,1.0,,0
47,sex_composition,4_4bin,1,29,0.011363636363636359,,0
47,tissue_origin,1a_5bin,1,29,0.22321428571428562,,0
47,tissue_origin,1b_11bin,1,29,0.22321428571428567,,0
48,epithelial_class,2a_3bin,4,27,0.19285714285714287,0.5751752966671588,1
48,epithelial_class,2b_6bin,4,27,0.20982142857142855,1.0,1
48,epithelial_class,2c_10bin,4,27,0.41874999999999996,1.0,1
48,germ_layer,3a_3bin,4,22,0.12514619883040934,0.082725547398642,1
48,germ_layer,3b_mid,4,22,0.5497076023391813,1.0,1
48,hoadley,5a_4plus_unassigned,4,24,0.15769230769230766,0.5654957265333153,1
48,hoadley,5c_iclusters,4,16,1.0,,0
48,sex_composition,4_4bin,4,29,0.031136363636363636,0.4580016186992542,1
48,tissue_origin,1a_5bin,4,29,0.3883636363636364,0.4580016186992542,1
48,tissue_origin,1b_11bin,4,29,0.5891666666666667,0.9406527417665078,1
49,epithelial_class,2a_3bin,5,27,0.021428571428571432,0.0294512200907252,1
49,epithelial_class,2b_6bin,5,27,0.18749999999999997,0.0294512200907252,1
49,epithelial_class,2c_10bin,5,27,1.0,0.0294512200907252,1
49,germ_layer,3a_3bin,5,22,0.35294117647058826,,0
49,germ_layer,3b_mid,5,22,0.7929411764705883,0.3692619310460412,1
49,hoadley,5a_4plus_unassigned,5,24,0.24858299595141697,0.2751837875586905,1
49,hoadley,5c_iclusters,5,16,1.0,1.0,1
49,sex_composition,4_4bin,5,29,0.3793560606060607,0.06885366160768,1
49,tissue_origin,1a_5bin,5,29,0.11828282828282827,0.0924928859471338,1
49,tissue_origin,1b_11bin,5,29,0.4965277777777777,0.0924928859471338,1
50,epithelial_class,2a_3bin,7,27,0.012244897959183668,0.092474196878662,1
50,epithelial_class,2b_6bin,7,27,0.24489795918367344,0.1028758337838391,1
50,epithelial_class,2c_10bin,7,27,0.5357142857142856,0.984881563532307,1
50,germ_layer,3a_3bin,7,22,0.022222222222222213,0.1355762266086967,1
50,germ_layer,3b_mid,7,22,0.32013888888888886,0.4285301104259165,1
50,hoadley,5a_4plus_unassigned,7,24,0.1623931623931624,0.1940884671633191,1
50,hoadley,5c_iclusters,7,16,0.8333333333333334,1.0,1
50,sex_composition,4_4bin,7,29,0.08412042502951596,0.0187423905625164,1
50,tissue_origin,1a_5bin,7,29,0.13319559228650138,0.1539720540562758,1
50,tissue_origin,1b_11bin,7,29,0.3722943722943724,0.4392408222910322,1
