cov_id,hierarchy,granularity,n_groups,n_groups_total,n_singleton_groups,n_cancers_used,F,p_value,eta_squared,hoadley_flag,degenerate_majority_singletons
0.0,epithelial_class,2a_3bin,3,3,1,27,,,,FALSE,FALSE
0.0,epithelial_class,2b_6bin,6,6,2,27,,,,FALSE,FALSE
0.0,epithelial_class,2c_10bin,10,10,5,27,,,,FALSE,FALSE
0.0,germ_layer,3a_3bin,3,3,0,22,,,,FALSE,FALSE
0.0,germ_layer,3b_mid,8,8,4,22,,,,FALSE,FALSE
0.0,hoadley,5a_4plus_unassigned,5,5,0,24,,,,TRUE,FALSE
0.0,hoadley,5c_iclusters,14,14,12,16,,,,TRUE,TRUE
0.0,sex_composition,4_4bin,4,4,1,29,,,,FALSE,FALSE
0.0,tissue_origin,1a_5bin,5,5,0,29,,,,FALSE,FALSE
0.0,tissue_origin,1b_11bin,11,11,3,29,,,,FALSE,FALSE
0.5,epithelial_class,2a_3bin,3,3,1,27,0.8090082052125579,0.45707651386058645,0.06315931665055352,FALSE,FALSE
0.5,epithelial_class,2b_6bin,6,6,2,27,0.377539015434939,0.8584100975737352,0.08247641673002051,FALSE,FALSE
0.5,epithelial_class,2c_10bin,10,10,5,27,1.208627924196302,0.35126762633951614,0.39019253070413024,FALSE,FALSE
0.5,germ_layer,3a_3bin,3,3,0,22,0.6350987572459924,0.5407647748876196,0.0626633022980594,FALSE,FALSE
0.5,germ_layer,3b_mid,8,8,4,22,0.44773922727787346,0.8557645163979427,0.1829194966065906,FALSE,FALSE
0.5,hoadley,5a_4plus_unassigned,5,5,0,24,1.3568538464631603,0.2858837676169867,0.22218541340218895,TRUE,FALSE
0.5,hoadley,5c_iclusters,14,14,12,16,1.5344081089263812,0.46263460570481,0.908872640076442,TRUE,TRUE
0.5,sex_composition,4_4bin,4,4,1,29,2.57774154756659,0.07624629393095772,0.23625000980233252,FALSE,FALSE
0.5,tissue_origin,1a_5bin,5,5,0,29,0.37017648962609667,0.8274920343396043,0.058110868706531746,FALSE,FALSE
0.5,tissue_origin,1b_11bin,11,11,3,29,0.8849214845021953,0.5636428769343286,0.32958933421707315,FALSE,FALSE
1.1,epithelial_class,2a_3bin,3,3,1,27,3.326962012690706,0.053052026797884864,0.21706597888974893,FALSE,FALSE
1.1,epithelial_class,2b_6bin,6,6,2,27,1.576943104751245,0.20988610471812927,0.2729718946780502,FALSE,FALSE
1.1,epithelial_class,2c_10bin,10,10,5,27,3.4055230117042194,0.01424764967597484,0.6432297062725162,FALSE,FALSE
1.1,germ_layer,3a_3bin,3,3,0,22,0.484478825275681,0.6234231821122405,0.048523196228252255,FALSE,FALSE
1.1,germ_layer,3b_mid,8,8,4,22,2.0470447145135395,0.12029413572657256,0.5058122306315059,FALSE,FALSE
1.1,hoadley,5a_4plus_unassigned,5,5,0,24,1.8438607427594955,0.1621170133527985,0.27963295172470526,TRUE,FALSE
1.1,hoadley,5c_iclusters,14,14,12,16,11.855676398383052,0.08038961871456907,0.9871896527795273,TRUE,TRUE
1.1,sex_composition,4_4bin,4,4,1,29,0.5903481222159529,0.627065347066591,0.06615522137994277,FALSE,FALSE
1.1,tissue_origin,1a_5bin,5,5,0,29,1.202868101981747,0.33531020356896524,0.16699849073326753,FALSE,FALSE
1.1,tissue_origin,1b_11bin,11,11,3,29,1.5747297981341661,0.19296397087084666,0.46662396468150097,FALSE,FALSE
2.1,epithelial_class,2a_3bin,3,3,1,27,2.7813073787958986,0.08196355242734518,0.18816382797003076,FALSE,FALSE
2.1,epithelial_class,2b_6bin,6,6,2,27,0.7748182732209647,0.5786768815278045,0.15574805564089594,FALSE,FALSE
2.1,epithelial_class,2c_10bin,10,10,5,27,0.4842604103971055,0.8654995929514875,0.20405813091608022,FALSE,FALSE
2.1,germ_layer,3a_3bin,3,3,0,22,3.5392470448410998,0.049371391818933553,0.2714303235968967,FALSE,FALSE
2.1,germ_layer,3b_mid,8,8,4,22,2.197363134614182,0.09947080776910425,0.5235103716648434,FALSE,FALSE
2.1,hoadley,5a_4plus_unassigned,5,5,0,24,0.7561908626325428,0.5663863885607818,0.13733466229156527,TRUE,FALSE
2.1,hoadley,5c_iclusters,14,14,12,16,498.06629498105383,0.0020054412378234607,0.9996912084816649,TRUE,TRUE
2.1,sex_composition,4_4bin,4,4,1,29,0.4539310902536181,0.7168314322649899,0.051657838932804546,FALSE,FALSE
2.1,tissue_origin,1a_5bin,5,5,0,29,2.5049463663809957,0.06890804973293571,0.29452817907032774,FALSE,FALSE
2.1,tissue_origin,1b_11bin,11,11,3,29,0.8787654932279136,0.5684159190388773,0.3280486834138663,FALSE,FALSE
3.1,epithelial_class,2a_3bin,3,3,1,18,1.3009529588945388,0.30129139465692484,0.1478195560152099,FALSE,FALSE
3.1,epithelial_class,2b_6bin,5,6,2,18,0.5879546272278491,0.6771775486049669,0.15319478324644192,FALSE,FALSE
3.1,epithelial_class,2c_10bin,7,10,3,18,1.4384030604416251,0.28424832458537636,0.4396451569809948,FALSE,FALSE
3.1,germ_layer,3a_3bin,3,3,1,13,0.11164895186433732,0.8954573779060838,0.021842061713493933,FALSE,FALSE
3.1,germ_layer,3b_mid,6,8,4,13,0.3230156520146205,0.8841192835527749,0.18747110720493884,FALSE,TRUE
3.1,hoadley,5a_4plus_unassigned,4,5,0,16,5.492351075195631,0.013113287963185567,0.5786080847291499,TRUE,FALSE
3.1,hoadley,5c_iclusters,9,14,9,9,,,1.0,TRUE,TRUE
3.1,sex_composition,4_4bin,4,4,1,19,0.38006986788997904,0.7687827234545139,0.07064403943122759,FALSE,FALSE
3.1,tissue_origin,1a_5bin,4,5,0,19,0.5413026592088682,0.6613297846112297,0.09768509184556076,FALSE,FALSE
3.1,tissue_origin,1b_11bin,8,11,2,19,0.2734884716790478,0.951798843011225,0.14823889925065556,FALSE,FALSE
3.2,epithelial_class,2a_3bin,3,3,1,18,0.5298678408361153,0.5993030583799196,0.06598711851040162,FALSE,FALSE
3.2,epithelial_class,2b_6bin,5,6,2,18,0.6512796402907524,0.6360991205797439,0.1669400043935877,FALSE,FALSE
3.2,epithelial_class,2c_10bin,7,10,3,18,0.2838727681149831,0.9326952006852685,0.13407894862989223,FALSE,FALSE
3.2,germ_layer,3a_3bin,3,3,1,13,0.7821239670999158,0.48351842583778426,0.1352658593192007,FALSE,FALSE
3.2,germ_layer,3b_mid,6,8,4,13,0.7559895953885905,0.6079996714358539,0.35064621694166054,FALSE,TRUE
3.2,hoadley,5a_4plus_unassigned,4,5,0,16,1.10971098793221,0.38336795673677887,0.2171768600128372,TRUE,FALSE
3.2,hoadley,5c_iclusters,9,14,9,9,,,1.0,TRUE,TRUE
3.2,sex_composition,4_4bin,4,4,1,19,8.566055237993996,0.0014930331585216827,0.6314330207062208,FALSE,FALSE
3.2,tissue_origin,1a_5bin,4,5,0,19,1.6566526398682349,0.2187548117669575,0.24887172720207132,FALSE,FALSE
3.2,tissue_origin,1b_11bin,8,11,2,19,1.7992839643916096,0.18435907816403269,0.5337992917731257,FALSE,FALSE
4.1,epithelial_class,2a_3bin,3,3,1,21,0.5405974016435722,0.5915649819955163,0.05666284603419515,FALSE,FALSE
4.1,epithelial_class,2b_6bin,6,6,3,21,0.3483647925846412,0.8753707605430544,0.10404027463080995,FALSE,FALSE
4.1,epithelial_class,2c_10bin,9,10,5,21,0.53587990509269,0.808723862074607,0.263217837040487,FALSE,TRUE
4.1,germ_layer,3a_3bin,3,3,0,19,1.004003546646699,0.3883601290867272,0.1115063473093159,FALSE,FALSE
4.1,germ_layer,3b_mid,8,8,5,19,0.6055993946887367,0.7407460863976789,0.2781771314443943,FALSE,TRUE
4.1,hoadley,5a_4plus_unassigned,4,5,0,18,0.6005656017641204,0.6252107350372683,0.11401919853878795,TRUE,FALSE
4.1,hoadley,5c_iclusters,10,14,8,12,107.28668203809077,0.009267966791904919,0.9979329877487715,TRUE,TRUE
4.1,sex_composition,4_4bin,1,4,0,22,,,,FALSE,TRUE
4.1,tissue_origin,1a_5bin,5,5,0,22,1.1388547164901202,0.37168691901671896,0.2113352050492616,FALSE,FALSE
4.1,tissue_origin,1b_11bin,9,11,3,22,0.46048210952944196,0.8627709048451684,0.22080367288949934,FALSE,FALSE
5.1,epithelial_class,2a_3bin,3,3,1,27,0.04039452446313028,0.9604756116327248,0.0033549170154730753,FALSE,FALSE
5.1,epithelial_class,2b_6bin,6,6,2,27,0.43409386423028934,0.8196832505678467,0.09367394725881129,FALSE,FALSE
5.1,epithelial_class,2c_10bin,10,10,5,27,2.322905823358244,0.06428824445650973,0.551523989667316,FALSE,FALSE
5.1,germ_layer,3a_3bin,3,3,0,22,0.5927314603829863,0.5627188052859068,0.05872854763942113,FALSE,FALSE
5.1,germ_layer,3b_mid,8,8,4,22,0.6922612896156765,0.6780228409644364,0.2571300535671624,FALSE,FALSE
5.1,hoadley,5a_4plus_unassigned,5,5,0,24,1.8962892783150473,0.15258737942956493,0.28531548942687474,TRUE,FALSE
5.1,hoadley,5c_iclusters,14,14,12,16,9.306004004393897,0.10109591239920687,0.9837369354405529,TRUE,TRUE
5.1,sex_composition,4_4bin,4,4,1,29,2.18333254645433,0.11508412992088768,0.20760691377012847,FALSE,FALSE
5.1,tissue_origin,1a_5bin,5,5,0,29,0.3678105238945826,0.8291325289531603,0.0577609089520503,FALSE,FALSE
5.1,tissue_origin,1b_11bin,11,11,3,29,0.5422028889909671,0.8381129207142763,0.2314927078006255,FALSE,FALSE
6.1,epithelial_class,2a_3bin,1,3,1,1,,,,FALSE,TRUE
6.1,epithelial_class,2b_6bin,1,6,1,1,,,,FALSE,TRUE
6.1,epithelial_class,2c_10bin,1,10,1,1,,,,FALSE,TRUE
6.1,hoadley,5a_4plus_unassigned,1,5,1,1,,,,TRUE,TRUE
6.1,hoadley,5c_iclusters,1,14,1,1,,,,TRUE,TRUE
6.1,sex_composition,4_4bin,1,4,1,1,,,,FALSE,TRUE
6.1,tissue_origin,1a_5bin,1,5,1,1,,,,FALSE,TRUE
6.1,tissue_origin,1b_11bin,1,11,1,1,,,,FALSE,TRUE
7.1,epithelial_class,2a_3bin,1,3,1,1,,,,FALSE,TRUE
7.1,epithelial_class,2b_6bin,1,6,1,1,,,,FALSE,TRUE
7.1,epithelial_class,2c_10bin,1,10,1,1,,,,FALSE,TRUE
7.1,germ_layer,3a_3bin,1,3,1,1,,,,FALSE,TRUE
7.1,germ_layer,3b_mid,1,8,1,1,,,,FALSE,TRUE
7.1,sex_composition,4_4bin,1,4,1,1,,,,FALSE,TRUE
7.1,tissue_origin,1a_5bin,1,5,1,1,,,,FALSE,TRUE
7.1,tissue_origin,1b_11bin,1,11,1,1,,,,FALSE,TRUE
7.2,epithelial_class,2a_3bin,1,3,1,1,,,,FALSE,TRUE
7.2,epithelial_class,2b_6bin,1,6,1,1,,,,FALSE,TRUE
7.2,epithelial_class,2c_10bin,1,10,1,1,,,,FALSE,TRUE
7.2,germ_layer,3a_3bin,1,3,1,1,,,,FALSE,TRUE
7.2,germ_layer,3b_mid,1,8,1,1,,,,FALSE,TRUE
7.2,sex_composition,4_4bin,1,4,1,1,,,,FALSE,TRUE
7.2,tissue_origin,1a_5bin,1,5,1,1,,,,FALSE,TRUE
7.2,tissue_origin,1b_11bin,1,11,1,1,,,,FALSE,TRUE
7.3,epithelial_class,2a_3bin,1,3,1,1,,,,FALSE,TRUE
7.3,epithelial_class,2b_6bin,1,6,1,1,,,,FALSE,TRUE
7.3,epithelial_class,2c_10bin,1,10,1,1,,,,FALSE,TRUE
7.3,germ_layer,3a_3bin,1,3,1,1,,,,FALSE,TRUE
7.3,germ_layer,3b_mid,1,8,1,1,,,,FALSE,TRUE
7.3,sex_composition,4_4bin,1,4,1,1,,,,FALSE,TRUE
7.3,tissue_origin,1a_5bin,1,5,1,1,,,,FALSE,TRUE
7.3,tissue_origin,1b_11bin,1,11,1,1,,,,FALSE,TRUE
8.1,epithelial_class,2a_3bin,3,3,1,26,0.6380636842575196,0.5374114669351419,0.05256717223234363,FALSE,FALSE
8.1,epithelial_class,2b_6bin,5,6,1,26,1.6758499990226454,0.19310477322993486,0.24197029956743746,FALSE,FALSE
8.1,epithelial_class,2c_10bin,9,10,4,26,1.0190788914694864,0.45852606857036793,0.32412637425684543,FALSE,FALSE
8.1,germ_layer,3a_3bin,3,3,0,21,1.4058728660572022,0.27081701358519855,0.13510379034545036,FALSE,FALSE
8.1,germ_layer,3b_mid,7,8,3,21,0.9281272414532161,0.5045442090702459,0.284574110332135,FALSE,FALSE
8.1,hoadley,5a_4plus_unassigned,5,5,0,24,0.8668092133931631,0.5017003861319371,0.15432413323320204,TRUE,FALSE
8.1,hoadley,5c_iclusters,14,14,12,16,0.7227637958303438,0.7147438846793344,0.8244987364073054,TRUE,TRUE
8.1,sex_composition,4_4bin,4,4,1,28,0.40369229975425464,0.7516599754482738,0.04803749177799618,FALSE,FALSE
8.1,tissue_origin,1a_5bin,5,5,0,28,0.7929677812712892,0.5418079318576938,0.12119389973783681,FALSE,FALSE
8.1,tissue_origin,1b_11bin,10,11,2,28,1.1797038412075487,0.36392227687455975,0.371010603540843,FALSE,FALSE
8.2,epithelial_class,2a_3bin,3,3,1,26,50.279626378886064,4.011478534612457e-09,0.8138544909696919,FALSE,FALSE
8.2,epithelial_class,2b_6bin,5,6,1,26,1.111891569330806,0.3772150593404261,0.1747737378440989,FALSE,FALSE
8.2,epithelial_class,2c_10bin,9,10,4,26,1.0778897854205503,0.42260510637698656,0.33653664585246423,FALSE,FALSE
8.2,germ_layer,3a_3bin,3,3,0,21,0.9766570206448089,0.3956554979559124,0.09789421633156294,FALSE,FALSE
8.2,germ_layer,3b_mid,7,8,3,21,17.774636222904032,8.234791940472108e-06,0.8839597739191152,FALSE,FALSE
8.2,hoadley,5a_4plus_unassigned,5,5,0,24,0.5645361789100941,0.6913178831836162,0.10622491971178369,TRUE,FALSE
8.2,hoadley,5c_iclusters,14,14,12,16,8.983806677879196,0.10449640050274196,0.9831634932209274,TRUE,TRUE
8.2,sex_composition,4_4bin,4,4,1,28,0.23738965558235703,0.8694003367982248,0.02881855363264037,FALSE,FALSE
8.2,tissue_origin,1a_5bin,5,5,0,28,1.9271780063584114,0.13994419900323957,0.2510268753391258,FALSE,FALSE
8.2,tissue_origin,1b_11bin,10,11,2,28,0.9249199137285747,0.5267731208863559,0.3162205944126251,FALSE,FALSE
8.3,epithelial_class,2a_3bin,3,3,1,26,3.229740404694846,0.05804724269401319,0.21926662086084184,FALSE,FALSE
8.3,epithelial_class,2b_6bin,5,6,1,26,3.6110904883379873,0.02165746382124668,0.40752213207736854,FALSE,FALSE
8.3,epithelial_class,2c_10bin,9,10,4,26,0.6693332339867767,0.7115286723624037,0.23953235993683358,FALSE,FALSE
8.3,germ_layer,3a_3bin,3,3,0,21,0.1711880019713058,0.8440189915428148,0.01866584808146008,FALSE,FALSE
8.3,germ_layer,3b_mid,7,8,3,21,0.27690151972643257,0.938552595865937,0.10608299073236395,FALSE,FALSE
8.3,hoadley,5a_4plus_unassigned,5,5,0,24,0.6015191989859044,0.6661447893932035,0.11240157731282933,TRUE,FALSE
8.3,hoadley,5c_iclusters,14,14,12,16,0.8625069840871967,0.6559140635602823,0.8486292331826867,TRUE,TRUE
8.3,sex_composition,4_4bin,4,4,1,28,7.431840177493916,0.0010956557904306808,0.4815913132856735,FALSE,FALSE
8.3,tissue_origin,1a_5bin,5,5,0,28,0.4146907099425764,0.796257591539109,0.06726869675290478,FALSE,FALSE
8.3,tissue_origin,1b_11bin,10,11,2,28,0.8694560370493857,0.567844145125668,0.3030037839309198,FALSE,FALSE
9.1,epithelial_class,2a_3bin,1,3,1,1,,,,FALSE,TRUE
9.1,epithelial_class,2b_6bin,1,6,1,1,,,,FALSE,TRUE
9.1,epithelial_class,2c_10bin,1,10,1,1,,,,FALSE,TRUE
9.1,germ_layer,3a_3bin,1,3,1,1,,,,FALSE,TRUE
9.1,germ_layer,3b_mid,1,8,1,1,,,,FALSE,TRUE
9.1,hoadley,5a_4plus_unassigned,1,5,1,1,,,,TRUE,TRUE
9.1,hoadley,5c_iclusters,1,14,1,1,,,,TRUE,TRUE
9.1,sex_composition,4_4bin,1,4,1,1,,,,FALSE,TRUE
9.1,tissue_origin,1a_5bin,1,5,1,1,,,,FALSE,TRUE
9.1,tissue_origin,1b_11bin,1,11,1,1,,,,FALSE,TRUE
9.2,epithelial_class,2a_3bin,1,3,1,1,,,,FALSE,TRUE
9.2,epithelial_class,2b_6bin,1,6,1,1,,,,FALSE,TRUE
9.2,epithelial_class,2c_10bin,1,10,1,1,,,,FALSE,TRUE
9.2,germ_layer,3a_3bin,1,3,1,1,,,,FALSE,TRUE
9.2,germ_layer,3b_mid,1,8,1,1,,,,FALSE,TRUE
9.2,hoadley,5a_4plus_unassigned,1,5,1,1,,,,TRUE,TRUE
9.2,hoadley,5c_iclusters,1,14,1,1,,,,TRUE,TRUE
9.2,sex_composition,4_4bin,1,4,1,1,,,,FALSE,TRUE
9.2,tissue_origin,1a_5bin,1,5,1,1,,,,FALSE,TRUE
9.2,tissue_origin,1b_11bin,1,11,1,1,,,,FALSE,TRUE
10.1,epithelial_class,2a_3bin,3,3,1,25,0.49668879271399063,0.6152037959953813,0.043202769220713914,FALSE,FALSE
10.1,epithelial_class,2b_6bin,5,6,2,25,1.2500794578850465,0.3220925168627166,0.20001017047998593,FALSE,FALSE
10.1,epithelial_class,2c_10bin,9,10,4,25,17.931548306513303,1.281828723182574e-06,0.8996565661009669,FALSE,FALSE
10.1,germ_layer,3a_3bin,3,3,0,21,0.04867726400209682,0.952613423599399,0.005379489463697334,FALSE,FALSE
10.1,germ_layer,3b_mid,7,8,3,21,0.6465287633544695,0.6925292546321515,0.21696600123646786,FALSE,FALSE
10.1,hoadley,5a_4plus_unassigned,5,5,0,23,0.6647042479123415,0.6246226222464211,0.12870131879885005,TRUE,FALSE
10.1,hoadley,5c_iclusters,14,14,12,16,5.811795602146896,0.15618827927312698,0.9742112986098099,TRUE,TRUE
10.1,sex_composition,4_4bin,4,4,2,27,0.18751838683305028,0.9038012177323788,0.023874964182247594,FALSE,FALSE
10.1,tissue_origin,1a_5bin,5,5,0,27,0.6554734769736456,0.6292788384720849,0.10648628077525421,FALSE,FALSE
10.1,tissue_origin,1b_11bin,10,11,2,27,0.7787119550721324,0.6384520813628296,0.29191472061309276,FALSE,FALSE
11.1,epithelial_class,2a_3bin,1,3,0,4,,,,FALSE,TRUE
11.1,epithelial_class,2b_6bin,2,6,0,4,4.746610175468082,0.16121824646821212,0.7035548300578612,FALSE,FALSE
11.1,epithelial_class,2c_10bin,3,10,2,4,2.172562164326037,0.43253483933750453,0.8129136127592795,FALSE,TRUE
11.1,germ_layer,3a_3bin,2,3,0,4,4.746610175468082,0.16121824646821212,0.7035548300578612,FALSE,FALSE
11.1,germ_layer,3b_mid,2,8,0,4,4.74661017546808,0.16121824646821217,0.7035548300578612,FALSE,FALSE
11.1,hoadley,5a_4plus_unassigned,3,5,2,4,2.172562164326037,0.43253483933750453,0.8129136127592796,TRUE,TRUE
11.1,hoadley,5c_iclusters,2,14,1,3,1.3040644621965378,0.45787015239398277,0.5659843652782756,TRUE,FALSE
11.1,sex_composition,4_4bin,1,4,0,4,,,,FALSE,TRUE
11.1,tissue_origin,1a_5bin,2,5,0,4,4.746610175468082,0.16121824646821212,0.7035548300578612,FALSE,FALSE
11.1,tissue_origin,1b_11bin,2,11,0,4,4.74661017546808,0.16121824646821217,0.7035548300578613,FALSE,FALSE
12.1,epithelial_class,2a_3bin,1,3,1,1,,,,FALSE,TRUE
12.1,epithelial_class,2b_6bin,1,6,1,1,,,,FALSE,TRUE
12.1,epithelial_class,2c_10bin,1,10,1,1,,,,FALSE,TRUE
12.1,germ_layer,3a_3bin,1,3,1,1,,,,FALSE,TRUE
12.1,germ_layer,3b_mid,1,8,1,1,,,,FALSE,TRUE
12.1,sex_composition,4_4bin,1,4,1,1,,,,FALSE,TRUE
12.1,tissue_origin,1a_5bin,1,5,1,1,,,,FALSE,TRUE
12.1,tissue_origin,1b_11bin,1,11,1,1,,,,FALSE,TRUE
12.2,epithelial_class,2a_3bin,1,3,1,1,,,,FALSE,TRUE
12.2,epithelial_class,2b_6bin,1,6,1,1,,,,FALSE,TRUE
12.2,epithelial_class,2c_10bin,1,10,1,1,,,,FALSE,TRUE
12.2,germ_layer,3a_3bin,1,3,1,1,,,,FALSE,TRUE
12.2,germ_layer,3b_mid,1,8,1,1,,,,FALSE,TRUE
12.2,sex_composition,4_4bin,1,4,1,1,,,,FALSE,TRUE
12.2,tissue_origin,1a_5bin,1,5,1,1,,,,FALSE,TRUE
12.2,tissue_origin,1b_11bin,1,11,1,1,,,,FALSE,TRUE
12.3,epithelial_class,2a_3bin,1,3,1,1,,,,FALSE,TRUE
12.3,epithelial_class,2b_6bin,1,6,1,1,,,,FALSE,TRUE
12.3,epithelial_class,2c_10bin,1,10,1,1,,,,FALSE,TRUE
12.3,germ_layer,3a_3bin,1,3,1,1,,,,FALSE,TRUE
12.3,germ_layer,3b_mid,1,8,1,1,,,,FALSE,TRUE
12.3,sex_composition,4_4bin,1,4,1,1,,,,FALSE,TRUE
12.3,tissue_origin,1a_5bin,1,5,1,1,,,,FALSE,TRUE
12.3,tissue_origin,1b_11bin,1,11,1,1,,,,FALSE,TRUE
13.1,epithelial_class,2a_3bin,2,3,1,8,1.6841241606175696,0.2420325666751736,0.21916930614538882,FALSE,FALSE
13.1,epithelial_class,2b_6bin,4,6,2,8,0.6736019976147319,0.6117746084941604,0.33563712154916614,FALSE,FALSE
13.1,epithelial_class,2c_10bin,4,10,2,8,0.6736019976147319,0.6117746084941604,0.33563712154916614,FALSE,FALSE
13.1,germ_layer,3a_3bin,2,3,1,5,1.2139870859928616,0.3510079016702439,0.2880851462568811,FALSE,FALSE
13.1,germ_layer,3b_mid,3,8,2,5,2.357817222903369,0.29781251736368797,0.702187482636312,FALSE,TRUE
13.1,hoadley,5a_4plus_unassigned,3,5,1,5,0.4270848284011466,0.7007291928962367,0.29927080710376325,TRUE,FALSE
13.1,hoadley,5c_iclusters,2,14,2,2,,,,TRUE,TRUE
13.1,sex_composition,4_4bin,2,4,1,8,0.9763025092559506,0.3612690401140223,0.13994555252737695,FALSE,FALSE
13.1,tissue_origin,1a_5bin,4,5,1,8,0.3755881005354364,0.7763802651645986,0.2197807886844482,FALSE,FALSE
13.1,tissue_origin,1b_11bin,5,11,3,8,0.6083619653798181,0.6858861975113295,0.44786439909609144,FALSE,TRUE
14.1,epithelial_class,2a_3bin,1,3,0,3,,,,FALSE,TRUE
14.1,epithelial_class,2b_6bin,1,6,0,3,,,,FALSE,TRUE
14.1,epithelial_class,2c_10bin,1,10,0,3,,,,FALSE,TRUE
14.1,germ_layer,3a_3bin,1,3,0,3,,,,FALSE,TRUE
14.1,germ_layer,3b_mid,1,8,0,3,,,,FALSE,TRUE
14.1,hoadley,5a_4plus_unassigned,2,5,1,3,0.13464482586769758,0.7761100267649973,0.1186669368229221,TRUE,FALSE
14.1,hoadley,5c_iclusters,2,14,1,3,0.13464482586769755,0.7761100267649973,0.11866693682292209,TRUE,FALSE
14.1,sex_composition,4_4bin,1,4,0,3,,,,FALSE,TRUE
14.1,tissue_origin,1a_5bin,1,5,0,3,,,,FALSE,TRUE
14.1,tissue_origin,1b_11bin,1,11,0,3,,,,FALSE,TRUE
15.1,epithelial_class,2a_3bin,2,3,0,14,1.6844882898440787,0.21872217983468878,0.12309472259143363,FALSE,FALSE
15.1,epithelial_class,2b_6bin,5,6,3,14,1.0297135042664587,0.4426783555596,0.31396446760576574,FALSE,TRUE
15.1,epithelial_class,2c_10bin,6,10,3,14,0.9917049182938404,0.47876894175712087,0.3826457677700033,FALSE,FALSE
15.1,germ_layer,3a_3bin,3,3,1,9,0.3276198329235554,0.732761515095889,0.09845470617829483,FALSE,FALSE
15.1,germ_layer,3b_mid,3,8,1,9,0.3276198329235553,0.7327615150958892,0.09845470617829484,FALSE,FALSE
15.1,hoadley,5a_4plus_unassigned,4,5,0,12,2.4235939703574996,0.14091391238144627,0.4761237475207879,TRUE,FALSE
15.1,hoadley,5c_iclusters,5,14,5,5,,,1.0,TRUE,TRUE
15.1,sex_composition,4_4bin,4,4,1,15,0.43682294342104083,0.731077242858591,0.10645157778569454,FALSE,FALSE
15.1,tissue_origin,1a_5bin,4,5,0,15,0.6292417009848417,0.6111422262099611,0.1464746561456189,FALSE,FALSE
15.1,tissue_origin,1b_11bin,8,11,3,15,0.6863393053182384,0.6840815282130943,0.4069995303754812,FALSE,FALSE
16.1,epithelial_class,2a_3bin,1,3,1,1,,,,FALSE,TRUE
16.1,epithelial_class,2b_6bin,1,6,1,1,,,,FALSE,TRUE
16.1,epithelial_class,2c_10bin,1,10,1,1,,,,FALSE,TRUE
16.1,germ_layer,3a_3bin,1,3,1,1,,,,FALSE,TRUE
16.1,germ_layer,3b_mid,1,8,1,1,,,,FALSE,TRUE
16.1,hoadley,5a_4plus_unassigned,1,5,1,1,,,,TRUE,TRUE
16.1,hoadley,5c_iclusters,1,14,1,1,,,,TRUE,TRUE
16.1,sex_composition,4_4bin,1,4,1,1,,,,FALSE,TRUE
16.1,tissue_origin,1a_5bin,1,5,1,1,,,,FALSE,TRUE
16.1,tissue_origin,1b_11bin,1,11,1,1,,,,FALSE,TRUE
17.1,epithelial_class,2a_3bin,2,3,0,5,0.007945749046848364,0.9345889351932704,0.0026415865543340375,FALSE,FALSE
17.1,epithelial_class,2b_6bin,4,6,3,5,0.38034607903017453,0.7966350427500665,0.5329368795585316,FALSE,TRUE
17.1,epithelial_class,2c_10bin,3,10,2,5,0.49413603612224627,0.6692831012866238,0.3307168987133763,FALSE,TRUE
17.1,germ_layer,3a_3bin,2,3,2,2,,,,FALSE,TRUE
17.1,germ_layer,3b_mid,2,8,2,2,,,,FALSE,TRUE
17.1,hoadley,5a_4plus_unassigned,1,5,0,3,,,,TRUE,TRUE
17.1,hoadley,5c_iclusters,2,14,2,2,,,,TRUE,TRUE
17.1,sex_composition,4_4bin,2,4,1,5,1.773196616906523,0.2751237020428452,0.3714903782982482,FALSE,FALSE
17.1,tissue_origin,1a_5bin,4,5,3,5,0.29761202034990153,0.835830262161333,0.47169222914876574,FALSE,TRUE
17.1,tissue_origin,1b_11bin,4,11,3,5,0.29761202034990153,0.835830262161333,0.47169222914876574,FALSE,TRUE
18.1,epithelial_class,2a_3bin,1,3,1,1,,,,FALSE,TRUE
18.1,epithelial_class,2b_6bin,1,6,1,1,,,,FALSE,TRUE
18.1,epithelial_class,2c_10bin,1,10,1,1,,,,FALSE,TRUE
18.1,hoadley,5a_4plus_unassigned,1,5,1,1,,,,TRUE,TRUE
18.1,hoadley,5c_iclusters,1,14,1,1,,,,TRUE,TRUE
18.1,sex_composition,4_4bin,1,4,1,1,,,,FALSE,TRUE
18.1,tissue_origin,1a_5bin,1,5,1,1,,,,FALSE,TRUE
18.1,tissue_origin,1b_11bin,1,11,1,1,,,,FALSE,TRUE
18.2,epithelial_class,2a_3bin,1,3,1,1,,,,FALSE,TRUE
18.2,epithelial_class,2b_6bin,1,6,1,1,,,,FALSE,TRUE
18.2,epithelial_class,2c_10bin,1,10,1,1,,,,FALSE,TRUE
18.2,hoadley,5a_4plus_unassigned,1,5,1,1,,,,TRUE,TRUE
18.2,hoadley,5c_iclusters,1,14,1,1,,,,TRUE,TRUE
18.2,sex_composition,4_4bin,1,4,1,1,,,,FALSE,TRUE
18.2,tissue_origin,1a_5bin,1,5,1,1,,,,FALSE,TRUE
18.2,tissue_origin,1b_11bin,1,11,1,1,,,,FALSE,TRUE
19.1,epithelial_class,2a_3bin,1,3,1,1,,,,FALSE,TRUE
19.1,epithelial_class,2b_6bin,1,6,1,1,,,,FALSE,TRUE
19.1,epithelial_class,2c_10bin,1,10,1,1,,,,FALSE,TRUE
19.1,hoadley,5a_4plus_unassigned,1,5,1,1,,,,TRUE,TRUE
19.1,hoadley,5c_iclusters,1,14,1,1,,,,TRUE,TRUE
19.1,sex_composition,4_4bin,1,4,1,1,,,,FALSE,TRUE
19.1,tissue_origin,1a_5bin,1,5,1,1,,,,FALSE,TRUE
19.1,tissue_origin,1b_11bin,1,11,1,1,,,,FALSE,TRUE
19.2,epithelial_class,2a_3bin,1,3,1,1,,,,FALSE,TRUE
19.2,epithelial_class,2b_6bin,1,6,1,1,,,,FALSE,TRUE
19.2,epithelial_class,2c_10bin,1,10,1,1,,,,FALSE,TRUE
19.2,hoadley,5a_4plus_unassigned,1,5,1,1,,,,TRUE,TRUE
19.2,hoadley,5c_iclusters,1,14,1,1,,,,TRUE,TRUE
19.2,sex_composition,4_4bin,1,4,1,1,,,,FALSE,TRUE
19.2,tissue_origin,1a_5bin,1,5,1,1,,,,FALSE,TRUE
19.2,tissue_origin,1b_11bin,1,11,1,1,,,,FALSE,TRUE
20.1,epithelial_class,2a_3bin,3,3,2,18,2.858479120702264,0.08876454127587917,0.27595548413949694,FALSE,TRUE
20.1,epithelial_class,2b_6bin,5,6,2,18,2.0770012994499742,0.14236843367886176,0.3899006556774128,FALSE,FALSE
20.1,epithelial_class,2c_10bin,8,10,3,18,1.7877362667315992,0.19515601026683754,0.5558349623521222,FALSE,FALSE
20.1,germ_layer,3a_3bin,2,3,0,16,0.29654053883463616,0.5946275720938636,0.020742118558620796,FALSE,FALSE
20.1,germ_layer,3b_mid,5,8,2,16,11.990063314342061,0.0005344155250360151,0.8134336371998994,FALSE,FALSE
20.1,hoadley,5a_4plus_unassigned,5,5,1,17,0.38998602936757554,0.8118753939893975,0.11504060075443147,TRUE,FALSE
20.1,hoadley,5c_iclusters,8,14,7,9,5.113886222142301,0.3283197048480772,0.9728240218443385,TRUE,TRUE
20.1,sex_composition,4_4bin,3,4,1,20,0.8660791513010925,0.4383483415901088,0.0924697664102893,FALSE,FALSE
20.1,tissue_origin,1a_5bin,5,5,1,20,1.0543178458062903,0.4126372965065434,0.21945214276915687,FALSE,FALSE
20.1,tissue_origin,1b_11bin,8,11,1,20,1.8610814311440371,0.16442264693757447,0.5205287612274959,FALSE,FALSE
21.1,epithelial_class,2a_3bin,2,3,2,2,,,,FALSE,TRUE
21.1,epithelial_class,2b_6bin,2,6,2,2,,,,FALSE,TRUE
21.1,epithelial_class,2c_10bin,1,10,0,2,,,,FALSE,TRUE
21.1,hoadley,5a_4plus_unassigned,1,5,1,1,,,,TRUE,TRUE
21.1,sex_composition,4_4bin,2,4,2,2,,,,FALSE,TRUE
21.1,tissue_origin,1a_5bin,2,5,2,2,,,,FALSE,TRUE
21.1,tissue_origin,1b_11bin,2,11,2,2,,,,FALSE,TRUE
21.2,epithelial_class,2a_3bin,2,3,2,2,,,,FALSE,TRUE
21.2,epithelial_class,2b_6bin,2,6,2,2,,,,FALSE,TRUE
21.2,epithelial_class,2c_10bin,1,10,0,2,,,,FALSE,TRUE
21.2,hoadley,5a_4plus_unassigned,1,5,1,1,,,,TRUE,TRUE
21.2,sex_composition,4_4bin,2,4,2,2,,,,FALSE,TRUE
21.2,tissue_origin,1a_5bin,2,5,2,2,,,,FALSE,TRUE
21.2,tissue_origin,1b_11bin,2,11,2,2,,,,FALSE,TRUE
21.3,epithelial_class,2a_3bin,2,3,2,2,,,,FALSE,TRUE
21.3,epithelial_class,2b_6bin,2,6,2,2,,,,FALSE,TRUE
21.3,epithelial_class,2c_10bin,1,10,0,2,,,,FALSE,TRUE
21.3,hoadley,5a_4plus_unassigned,1,5,1,1,,,,TRUE,TRUE
21.3,sex_composition,4_4bin,2,4,2,2,,,,FALSE,TRUE
21.3,tissue_origin,1a_5bin,2,5,2,2,,,,FALSE,TRUE
21.3,tissue_origin,1b_11bin,2,11,2,2,,,,FALSE,TRUE
22.1,epithelial_class,2a_3bin,3,3,1,11,0.21550827260758934,0.810662682918049,0.05112272558162539,FALSE,FALSE
22.1,epithelial_class,2b_6bin,3,6,1,11,1.6021472903479077,0.25990933214069234,0.2859880698082129,FALSE,FALSE
22.1,epithelial_class,2c_10bin,6,10,3,11,4.941222316793627,0.05213572978027365,0.8316844671552903,FALSE,FALSE
22.1,germ_layer,3a_3bin,3,3,1,10,0.7913624659331493,0.48995360892427786,0.18440820886498308,FALSE,FALSE
22.1,germ_layer,3b_mid,6,8,4,10,1.1736692561333124,0.45097044839871786,0.5946635954763213,FALSE,TRUE
22.1,hoadley,5a_4plus_unassigned,4,5,2,11,1.7974032985304593,0.23526633396964386,0.4351289996717776,TRUE,FALSE
22.1,hoadley,5c_iclusters,7,14,5,9,0.7282061906408627,0.6771843405946036,0.6859906524390176,TRUE,TRUE
22.1,sex_composition,4_4bin,2,4,1,12,1.6789357188164427,0.22417483037638494,0.14375759566100152,FALSE,FALSE
22.1,tissue_origin,1a_5bin,5,5,1,12,0.9769666398857014,0.4771898926601471,0.3582613096897477,FALSE,FALSE
22.1,tissue_origin,1b_11bin,6,11,2,12,6.538030146534671,0.020340417304819,0.8449217724310111,FALSE,FALSE
23.1,epithelial_class,2a_3bin,3,3,2,7,0.10817051750650301,0.9000124566684707,0.051310136731465374,FALSE,TRUE
23.1,epithelial_class,2b_6bin,4,6,3,7,0.3668091909017838,0.7840041075520262,0.26836898181799096,FALSE,TRUE
23.1,epithelial_class,2c_10bin,4,10,2,7,0.47545629976343384,0.7214642400047061,0.32224356616977784,FALSE,FALSE
23.1,germ_layer,3a_3bin,2,3,1,6,0.12678859987494656,0.7397716156645385,0.030723308647016327,FALSE,FALSE
23.1,germ_layer,3b_mid,3,8,2,6,2.0509549937388867,0.27454853884145364,0.5775784253405553,FALSE,TRUE
23.1,hoadley,5a_4plus_unassigned,2,5,0,6,0.6287802293982578,0.4721831900325129,0.13584145244242862,TRUE,FALSE
23.1,hoadley,5c_iclusters,2,14,2,2,,,,TRUE,TRUE
23.1,sex_composition,4_4bin,2,4,1,7,0.10850136004152616,0.7552076490169386,0.021239371861622454,FALSE,FALSE
23.1,tissue_origin,1a_5bin,3,5,2,7,0.10817051750650301,0.9000124566684707,0.051310136731465374,FALSE,TRUE
23.1,tissue_origin,1b_11bin,4,11,2,7,0.4790876959566509,0.7194826428807315,0.32390756631018064,FALSE,FALSE
24.1,epithelial_class,2a_3bin,2,3,0,17,0.021059566923132173,0.8865488189993649,0.0014020027568165735,FALSE,FALSE
24.1,epithelial_class,2b_6bin,4,6,0,17,1.544291398053628,0.25019589163251654,0.26274072752671596,FALSE,FALSE
24.1,epithelial_class,2c_10bin,7,10,3,17,1.323645078653521,0.33089814330646805,0.4426445104678512,FALSE,FALSE
24.1,germ_layer,3a_3bin,3,3,1,16,1.2003508332145743,0.3323674520255886,0.15588261615782484,FALSE,FALSE
24.1,germ_layer,3b_mid,6,8,3,16,0.6737957276741678,0.6528718193346614,0.25199970240818537,FALSE,FALSE
24.1,hoadley,5a_4plus_unassigned,5,5,1,17,2.473550562887754,0.10061373988210832,0.4519096945334052,TRUE,FALSE
24.1,hoadley,5c_iclusters,8,14,6,10,0.24509934736544964,0.933103976576596,0.4617427512993667,TRUE,TRUE
24.1,sex_composition,4_4bin,3,4,1,19,0.05843449514943413,0.9434403701889118,0.007251345802290408,FALSE,FALSE
24.1,tissue_origin,1a_5bin,5,5,0,19,0.8557675708634519,0.5137325783378685,0.1964676849581787,FALSE,FALSE
24.1,tissue_origin,1b_11bin,8,11,1,19,1.101111296027036,0.4251323368900758,0.4120093059922613,FALSE,FALSE
25.1,epithelial_class,2a_3bin,1,3,0,4,,,,FALSE,TRUE
25.1,epithelial_class,2b_6bin,2,6,1,4,12.023558617838745,0.07405029976953743,0.8573828473568834,FALSE,FALSE
25.1,epithelial_class,2c_10bin,2,10,1,4,12.023558617838745,0.07405029976953743,0.8573828473568834,FALSE,FALSE
25.1,germ_layer,3a_3bin,1,3,0,4,,,,FALSE,TRUE
25.1,germ_layer,3b_mid,2,8,1,4,0.5773240855177902,0.5267121866580369,0.22400135425801687,FALSE,FALSE
25.1,hoadley,5a_4plus_unassigned,1,5,0,3,,,,TRUE,TRUE
25.1,hoadley,5c_iclusters,1,14,1,1,,,,TRUE,TRUE
25.1,sex_composition,4_4bin,1,4,0,4,,,,FALSE,TRUE
25.1,tissue_origin,1a_5bin,1,5,0,4,,,,FALSE,TRUE
25.1,tissue_origin,1b_11bin,2,11,1,4,0.004441283857477015,0.9529285478825937,0.0022157216044412734,FALSE,FALSE
26.1,epithelial_class,2a_3bin,2,3,1,6,27.61210362022615,0.0062769910084815245,0.8734661872536472,FALSE,FALSE
26.1,epithelial_class,2b_6bin,3,6,2,6,33.11467156110683,0.009020831397755882,0.9566657740099604,FALSE,TRUE
26.1,epithelial_class,2c_10bin,3,10,2,6,33.11467156110683,0.009020831397755882,0.9566657740099604,FALSE,TRUE
26.1,germ_layer,3a_3bin,2,3,1,3,77.79382285107597,0.07187154364659074,0.9873086497923822,FALSE,FALSE
26.1,germ_layer,3b_mid,2,8,1,3,77.79382285107597,0.07187154364659074,0.9873086497923822,FALSE,FALSE
26.1,hoadley,5a_4plus_unassigned,2,5,1,3,37.4286983041796,0.10314639911865585,0.9739777810821335,TRUE,FALSE
26.1,hoadley,5c_iclusters,1,14,1,1,,,,TRUE,TRUE
26.1,sex_composition,4_4bin,2,4,1,6,0.06659526474360891,0.8090936955202143,0.016376172303394356,FALSE,FALSE
26.1,tissue_origin,1a_5bin,4,5,2,6,0.5310713230972856,0.7047522889636553,0.44339523972346234,FALSE,FALSE
26.1,tissue_origin,1b_11bin,6,11,6,6,,,1.0,FALSE,TRUE
27.1,epithelial_class,2a_3bin,2,3,2,2,,,,FALSE,TRUE
27.1,epithelial_class,2b_6bin,2,6,2,2,,,,FALSE,TRUE
27.1,epithelial_class,2c_10bin,2,10,2,2,,,,FALSE,TRUE
27.1,germ_layer,3a_3bin,1,3,1,1,,,,FALSE,TRUE
27.1,germ_layer,3b_mid,1,8,1,1,,,,FALSE,TRUE
27.1,hoadley,5a_4plus_unassigned,1,5,1,1,,,,TRUE,TRUE
27.1,hoadley,5c_iclusters,1,14,1,1,,,,TRUE,TRUE
27.1,sex_composition,4_4bin,1,4,0,2,,,,FALSE,TRUE
27.1,tissue_origin,1a_5bin,2,5,2,2,,,,FALSE,TRUE
27.1,tissue_origin,1b_11bin,2,11,2,2,,,,FALSE,TRUE
28.1,epithelial_class,2a_3bin,1,3,0,4,,,,FALSE,TRUE
28.1,epithelial_class,2b_6bin,2,6,1,4,0.4171876291329648,0.5845578765086021,0.17259215797104155,FALSE,FALSE
28.1,epithelial_class,2c_10bin,2,10,1,4,0.4171876291329648,0.5845578765086021,0.17259215797104155,FALSE,FALSE
28.1,germ_layer,3a_3bin,1,3,0,4,,,,FALSE,TRUE
28.1,germ_layer,3b_mid,2,8,1,4,0.06814462766321866,0.8184796340729712,0.03294964324628249,FALSE,FALSE
28.1,hoadley,5a_4plus_unassigned,1,5,0,3,,,,TRUE,TRUE
28.1,hoadley,5c_iclusters,1,14,1,1,,,,TRUE,TRUE
28.1,sex_composition,4_4bin,1,4,0,4,,,,FALSE,TRUE
28.1,tissue_origin,1a_5bin,1,5,0,4,,,,FALSE,TRUE
28.1,tissue_origin,1b_11bin,2,11,1,4,1.2807360178075877,0.37519547186938984,0.39038069837251405,FALSE,FALSE
29.1,epithelial_class,2a_3bin,1,3,0,2,,,,FALSE,TRUE
29.1,epithelial_class,2b_6bin,1,6,0,2,,,,FALSE,TRUE
29.1,epithelial_class,2c_10bin,2,10,2,2,,,,FALSE,TRUE
29.1,germ_layer,3a_3bin,2,3,2,2,,,,FALSE,TRUE
29.1,germ_layer,3b_mid,2,8,2,2,,,,FALSE,TRUE
29.1,hoadley,5a_4plus_unassigned,2,5,2,2,,,,TRUE,TRUE
29.1,hoadley,5c_iclusters,2,14,2,2,,,,TRUE,TRUE
29.1,sex_composition,4_4bin,2,4,2,2,,,,FALSE,TRUE
29.1,tissue_origin,1a_5bin,2,5,2,2,,,,FALSE,TRUE
29.1,tissue_origin,1b_11bin,2,11,2,2,,,,FALSE,TRUE
30.1,epithelial_class,2a_3bin,1,3,1,1,,,,FALSE,TRUE
30.1,epithelial_class,2b_6bin,1,6,1,1,,,,FALSE,TRUE
30.1,epithelial_class,2c_10bin,1,10,1,1,,,,FALSE,TRUE
30.1,hoadley,5a_4plus_unassigned,1,5,1,1,,,,TRUE,TRUE
30.1,hoadley,5c_iclusters,1,14,1,1,,,,TRUE,TRUE
30.1,sex_composition,4_4bin,1,4,1,1,,,,FALSE,TRUE
30.1,tissue_origin,1a_5bin,1,5,1,1,,,,FALSE,TRUE
30.1,tissue_origin,1b_11bin,1,11,1,1,,,,FALSE,TRUE
31.1,epithelial_class,2a_3bin,1,3,0,8,,,,FALSE,TRUE
31.1,epithelial_class,2b_6bin,3,6,1,8,12.482731885996143,0.011372933554368496,0.8331412442655625,FALSE,FALSE
31.1,epithelial_class,2c_10bin,4,10,2,8,6.658112086834165,0.04919462263329936,0.8331549221410579,FALSE,FALSE
31.1,germ_layer,3a_3bin,2,3,0,5,2.046556128910931,0.2479244730531784,0.4055351960095184,FALSE,FALSE
31.1,germ_layer,3b_mid,3,8,2,5,164.8234942848106,0.00603050854954514,0.9939694914504549,FALSE,TRUE
31.1,hoadley,5a_4plus_unassigned,5,5,2,8,3.879625484978674,0.1471650296376085,0.8379998549702439,TRUE,FALSE
31.1,hoadley,5c_iclusters,5,14,5,5,,,1.0,TRUE,TRUE
31.1,sex_composition,4_4bin,4,4,3,8,0.23167615583344928,0.8702551106907643,0.1480349847314949,FALSE,TRUE
31.1,tissue_origin,1a_5bin,4,5,2,8,0.45287445701005147,0.7293916231465468,0.2535396270570457,FALSE,FALSE
31.1,tissue_origin,1b_11bin,7,11,6,8,2830.279958797952,0.014387360093733193,0.9999411164778143,FALSE,TRUE
32.1,epithelial_class,2a_3bin,1,3,0,2,,,,FALSE,TRUE
32.1,epithelial_class,2b_6bin,2,6,2,2,,,,FALSE,TRUE
32.1,epithelial_class,2c_10bin,2,10,2,2,,,,FALSE,TRUE
32.1,germ_layer,3a_3bin,2,3,1,3,0.19706191598042047,0.7340308040589865,0.16462132271497618,FALSE,FALSE
32.1,germ_layer,3b_mid,2,8,1,3,0.19706191598042047,0.7340308040589865,0.16462132271497618,FALSE,FALSE
32.1,hoadley,5a_4plus_unassigned,2,5,1,3,88.64462621782701,0.06736413739231954,0.9888448416576572,TRUE,FALSE
32.1,hoadley,5c_iclusters,1,14,1,1,,,,TRUE,TRUE
32.1,sex_composition,4_4bin,1,4,0,3,,,,FALSE,TRUE
32.1,tissue_origin,1a_5bin,1,5,0,3,,,,FALSE,TRUE
32.1,tissue_origin,1b_11bin,1,11,0,3,,,,FALSE,TRUE
33.1,epithelial_class,2a_3bin,1,3,0,2,,,,FALSE,TRUE
33.1,epithelial_class,2b_6bin,1,6,0,2,,,,FALSE,TRUE
33.1,epithelial_class,2c_10bin,1,10,0,2,,,,FALSE,TRUE
33.1,germ_layer,3a_3bin,1,3,0,3,,,,FALSE,TRUE
33.1,germ_layer,3b_mid,2,8,1,3,0.007700018439476555,0.9442794986166542,0.0076411812033116274,FALSE,FALSE
33.1,hoadley,5a_4plus_unassigned,2,5,1,3,4.6051373853187325,0.2776128319499876,0.8215922409646458,TRUE,FALSE
33.1,hoadley,5c_iclusters,2,14,2,2,,,,TRUE,TRUE
33.1,sex_composition,4_4bin,1,4,0,3,,,,FALSE,TRUE
33.1,tissue_origin,1a_5bin,1,5,0,3,,,,FALSE,TRUE
33.1,tissue_origin,1b_11bin,1,11,0,3,,,,FALSE,TRUE
34.1,epithelial_class,2a_3bin,2,3,0,12,0.5084434758301818,0.49211741835588946,0.048384280412186766,FALSE,FALSE
34.1,epithelial_class,2b_6bin,5,6,2,12,0.5361060530824103,0.7145808297363,0.23450620427672897,FALSE,FALSE
34.1,epithelial_class,2c_10bin,7,10,3,12,0.2797442934208478,0.9237402857037982,0.25132505289554996,FALSE,FALSE
34.1,germ_layer,3a_3bin,3,3,0,12,0.5940588529170057,0.5723589789221767,0.11661797989962976,FALSE,FALSE
34.1,germ_layer,3b_mid,6,8,2,12,0.2620226029784956,0.918423942003143,0.1792192558751773,FALSE,FALSE
34.1,hoadley,5a_4plus_unassigned,3,5,0,12,2.902268430628403,0.10649140991917097,0.392078247070813,TRUE,FALSE
34.1,hoadley,5c_iclusters,8,14,8,8,,,1.0,TRUE,TRUE
34.1,sex_composition,4_4bin,2,4,0,14,0.7497022137498088,0.40354986496981526,0.05880154698368553,FALSE,FALSE
34.1,tissue_origin,1a_5bin,5,5,1,14,0.39954388470224306,0.804443043909124,0.15079723231198486,FALSE,FALSE
34.1,tissue_origin,1b_11bin,7,11,3,14,0.9238171419518472,0.5303960026415303,0.44191547341490633,FALSE,FALSE
35.1,epithelial_class,2a_3bin,2,3,1,4,0.004002364155719398,0.9553101203141199,0.0019971853463384426,FALSE,FALSE
35.1,epithelial_class,2b_6bin,2,6,1,4,0.004002364155719398,0.9553101203141199,0.0019971853463384426,FALSE,FALSE
35.1,epithelial_class,2c_10bin,4,10,4,4,,,1.0,FALSE,TRUE
35.1,germ_layer,3a_3bin,3,3,2,4,0.001534591615154137,0.9984689318313817,0.003059792167499556,FALSE,TRUE
35.1,germ_layer,3b_mid,3,8,2,4,0.001534591615154137,0.9984689318313817,0.003059792167499556,FALSE,TRUE
35.1,hoadley,5a_4plus_unassigned,2,5,1,4,3.949912582091474,0.18522358427001215,0.6638606076298057,TRUE,FALSE
35.1,hoadley,5c_iclusters,3,14,3,3,,,1.0,TRUE,TRUE
35.1,sex_composition,4_4bin,1,4,0,4,,,,FALSE,TRUE
35.1,tissue_origin,1a_5bin,2,5,0,4,1.3257013548923508e-06,0.9991858438490834,6.62850238074901e-07,FALSE,FALSE
35.1,tissue_origin,1b_11bin,2,11,0,4,1.3257013548923508e-06,0.9991858438490834,6.62850238074901e-07,FALSE,FALSE
36.1,epithelial_class,2a_3bin,3,3,2,6,18.965142108242727,0.019843338528703285,0.9267046379611579,FALSE,TRUE
36.1,epithelial_class,2b_6bin,4,6,2,6,1.3619136731550767,0.44990708444878835,0.6713629460072317,FALSE,FALSE
36.1,epithelial_class,2c_10bin,4,10,2,6,1.3619136731550767,0.44990708444878835,0.6713629460072317,FALSE,FALSE
36.1,germ_layer,3a_3bin,2,3,1,5,0.03835098165776672,0.857254293533759,0.012622301336905437,FALSE,FALSE
36.1,germ_layer,3b_mid,4,8,3,5,140.6871922762885,0.061878124279513225,0.9976362778971901,FALSE,TRUE
36.1,hoadley,5a_4plus_unassigned,2,5,1,7,0.6391122602900857,0.4603077341137298,0.1133356157476476,TRUE,FALSE
36.1,hoadley,5c_iclusters,4,14,4,4,,,1.0,TRUE,TRUE
36.1,sex_composition,4_4bin,3,4,2,8,0.09148314407075189,0.9140691480241429,0.03530146212992477,FALSE,TRUE
36.1,tissue_origin,1a_5bin,4,5,1,8,0.02797334188907455,0.9927266458811099,0.020548890560978365,FALSE,FALSE
36.1,tissue_origin,1b_11bin,5,11,3,8,0.036103384648210404,0.9961061564295682,0.045927018447283564,FALSE,TRUE
37.1,epithelial_class,2a_3bin,2,3,0,4,0.002235387824383469,0.9665867381535548,0.0011164460672191154,FALSE,FALSE
37.1,epithelial_class,2b_6bin,3,6,2,4,0.3217678690259232,0.7800284157707347,0.39155567059019786,FALSE,TRUE
37.1,epithelial_class,2c_10bin,3,10,2,4,0.7806090387329239,0.6248513619437656,0.6095607754770213,FALSE,TRUE
37.1,germ_layer,3a_3bin,2,3,1,3,0.24747535508319513,0.7061231230778608,0.19838095724679936,FALSE,FALSE
37.1,germ_layer,3b_mid,2,8,1,3,0.24747535508319513,0.7061231230778608,0.19838095724679933,FALSE,FALSE
37.1,hoadley,5a_4plus_unassigned,2,5,1,4,1.2332585528667,0.38240062121827306,0.38142899267157504,TRUE,FALSE
37.1,hoadley,5c_iclusters,3,14,3,3,,,1.0,TRUE,TRUE
37.1,sex_composition,4_4bin,3,4,2,4,0.44845569100702887,0.7260666328904333,0.47282724460314873,FALSE,TRUE
37.1,tissue_origin,1a_5bin,3,5,2,4,0.5850993845548431,0.6788131448240671,0.5392127144140603,FALSE,TRUE
37.1,tissue_origin,1b_11bin,4,11,4,4,,,1.0,FALSE,TRUE
38.1,epithelial_class,2a_3bin,1,3,1,1,,,,FALSE,TRUE
38.1,epithelial_class,2b_6bin,1,6,1,1,,,,FALSE,TRUE
38.1,epithelial_class,2c_10bin,1,10,1,1,,,,FALSE,TRUE
38.1,germ_layer,3a_3bin,1,3,1,1,,,,FALSE,TRUE
38.1,germ_layer,3b_mid,1,8,1,1,,,,FALSE,TRUE
38.1,sex_composition,4_4bin,1,4,1,1,,,,FALSE,TRUE
38.1,tissue_origin,1a_5bin,1,5,1,1,,,,FALSE,TRUE
38.1,tissue_origin,1b_11bin,1,11,1,1,,,,FALSE,TRUE
38.2,epithelial_class,2a_3bin,1,3,1,1,,,,FALSE,TRUE
38.2,epithelial_class,2b_6bin,1,6,1,1,,,,FALSE,TRUE
38.2,epithelial_class,2c_10bin,1,10,1,1,,,,FALSE,TRUE
38.2,germ_layer,3a_3bin,1,3,1,1,,,,FALSE,TRUE
38.2,germ_layer,3b_mid,1,8,1,1,,,,FALSE,TRUE
38.2,sex_composition,4_4bin,1,4,1,1,,,,FALSE,TRUE
38.2,tissue_origin,1a_5bin,1,5,1,1,,,,FALSE,TRUE
38.2,tissue_origin,1b_11bin,1,11,1,1,,,,FALSE,TRUE
38.3,epithelial_class,2a_3bin,1,3,1,1,,,,FALSE,TRUE
38.3,epithelial_class,2b_6bin,1,6,1,1,,,,FALSE,TRUE
38.3,epithelial_class,2c_10bin,1,10,1,1,,,,FALSE,TRUE
38.3,germ_layer,3a_3bin,1,3,1,1,,,,FALSE,TRUE
38.3,germ_layer,3b_mid,1,8,1,1,,,,FALSE,TRUE
38.3,sex_composition,4_4bin,1,4,1,1,,,,FALSE,TRUE
38.3,tissue_origin,1a_5bin,1,5,1,1,,,,FALSE,TRUE
38.3,tissue_origin,1b_11bin,1,11,1,1,,,,FALSE,TRUE
39.1,epithelial_class,2a_3bin,3,3,1,7,0.9509253373644648,0.4593498179531844,0.32224649174409714,FALSE,FALSE
39.1,epithelial_class,2b_6bin,3,6,1,7,0.13545545829382313,0.8771602785437195,0.06343164769264195,FALSE,FALSE
39.1,epithelial_class,2c_10bin,3,10,2,7,0.03301508190612887,0.9677847857338918,0.01623946728185329,FALSE,TRUE
39.1,germ_layer,3a_3bin,2,3,0,6,0.27639181900295584,0.6268732334452494,0.06463201472202723,FALSE,FALSE
39.1,germ_layer,3b_mid,5,8,4,6,0.6917284991211375,0.7044658685193584,0.7345307057890774,FALSE,TRUE
39.1,hoadley,5a_4plus_unassigned,1,5,0,7,,,,TRUE,TRUE
39.1,hoadley,5c_iclusters,5,14,5,5,,,1.0,TRUE,TRUE
39.1,sex_composition,4_4bin,2,4,1,8,0.4054056720118897,0.5478177874088641,0.06329117822830334,FALSE,FALSE
39.1,tissue_origin,1a_5bin,4,5,2,8,1.242437369101987,0.4048752480093714,0.48235557921646366,FALSE,FALSE
39.1,tissue_origin,1b_11bin,5,11,3,8,1.1814041269304798,0.46400489945565054,0.6116814759053291,FALSE,TRUE
40.1,epithelial_class,2a_3bin,1,3,1,1,,,,FALSE,TRUE
40.1,epithelial_class,2b_6bin,1,6,1,1,,,,FALSE,TRUE
40.1,epithelial_class,2c_10bin,1,10,1,1,,,,FALSE,TRUE
40.1,germ_layer,3a_3bin,1,3,1,1,,,,FALSE,TRUE
40.1,germ_layer,3b_mid,1,8,1,1,,,,FALSE,TRUE
40.1,hoadley,5a_4plus_unassigned,1,5,1,1,,,,TRUE,TRUE
40.1,hoadley,5c_iclusters,1,14,1,1,,,,TRUE,TRUE
40.1,sex_composition,4_4bin,1,4,1,1,,,,FALSE,TRUE
40.1,tissue_origin,1a_5bin,1,5,1,1,,,,FALSE,TRUE
40.1,tissue_origin,1b_11bin,1,11,1,1,,,,FALSE,TRUE
41.1,epithelial_class,2a_3bin,1,3,1,1,,,,FALSE,TRUE
41.1,epithelial_class,2b_6bin,1,6,1,1,,,,FALSE,TRUE
41.1,epithelial_class,2c_10bin,1,10,1,1,,,,FALSE,TRUE
41.1,germ_layer,3a_3bin,1,3,1,1,,,,FALSE,TRUE
41.1,germ_layer,3b_mid,1,8,1,1,,,,FALSE,TRUE
41.1,hoadley,5a_4plus_unassigned,1,5,1,1,,,,TRUE,TRUE
41.1,hoadley,5c_iclusters,1,14,1,1,,,,TRUE,TRUE
41.1,sex_composition,4_4bin,1,4,1,1,,,,FALSE,TRUE
41.1,tissue_origin,1a_5bin,1,5,1,1,,,,FALSE,TRUE
41.1,tissue_origin,1b_11bin,1,11,1,1,,,,FALSE,TRUE
42.1,epithelial_class,2a_3bin,1,3,0,10,,,,FALSE,TRUE
42.1,epithelial_class,2b_6bin,3,6,1,10,0.7181812780962359,0.5203551006231869,0.17025851445160461,FALSE,FALSE
42.1,epithelial_class,2c_10bin,4,10,2,10,0.7360996199137956,0.5676564504908952,0.26903246305665846,FALSE,FALSE
42.1,germ_layer,3a_3bin,1,3,0,7,,,,FALSE,TRUE
42.1,germ_layer,3b_mid,2,8,1,7,0.10186636248046044,0.7625044879816253,0.019966489759432708,FALSE,FALSE
42.1,hoadley,5a_4plus_unassigned,3,5,1,7,2.011679043522104,0.24854648851199196,0.5014556303477173,TRUE,FALSE
42.1,hoadley,5c_iclusters,2,14,2,2,,,,TRUE,TRUE
42.1,sex_composition,4_4bin,2,4,1,10,1.0590716263173243,0.3335337158560594,0.1169073024260717,FALSE,FALSE
42.1,tissue_origin,1a_5bin,4,5,1,10,0.9211784263937824,0.4854135955340313,0.3153447999172663,FALSE,FALSE
42.1,tissue_origin,1b_11bin,6,11,3,10,0.940049223017886,0.5389070984907393,0.5402428911680409,FALSE,FALSE
43.1,epithelial_class,2a_3bin,1,3,0,3,,,,FALSE,TRUE
43.1,epithelial_class,2b_6bin,1,6,0,3,,,,FALSE,TRUE
43.1,epithelial_class,2c_10bin,1,10,0,3,,,,FALSE,TRUE
43.1,germ_layer,3a_3bin,1,3,0,2,,,,FALSE,TRUE
43.1,germ_layer,3b_mid,1,8,0,2,,,,FALSE,TRUE
43.1,hoadley,5a_4plus_unassigned,2,5,1,3,0.03322145806958625,0.8852248084996625,0.03215327925114464,TRUE,FALSE
43.1,hoadley,5c_iclusters,2,14,2,2,,,,TRUE,TRUE
43.1,sex_composition,4_4bin,2,4,1,3,1.38749170434154,0.44810852483367075,0.5811503771168932,FALSE,FALSE
43.1,tissue_origin,1a_5bin,3,5,3,3,,,1.0,FALSE,TRUE
43.1,tissue_origin,1b_11bin,3,11,3,3,,,1.0,FALSE,TRUE
43.2,epithelial_class,2a_3bin,1,3,0,3,,,,FALSE,TRUE
43.2,epithelial_class,2b_6bin,1,6,0,3,,,,FALSE,TRUE
43.2,epithelial_class,2c_10bin,1,10,0,3,,,,FALSE,TRUE
43.2,germ_layer,3a_3bin,1,3,0,2,,,,FALSE,TRUE
43.2,germ_layer,3b_mid,1,8,0,2,,,,FALSE,TRUE
43.2,hoadley,5a_4plus_unassigned,2,5,1,3,108080.11172706733,0.001936448231097879,0.9999907476895451,TRUE,FALSE
43.2,hoadley,5c_iclusters,2,14,2,2,,,,TRUE,TRUE
43.2,sex_composition,4_4bin,2,4,1,3,0.32867481514599145,0.668603114897768,0.24737039597599167,FALSE,FALSE
43.2,tissue_origin,1a_5bin,3,5,3,3,,,1.0,FALSE,TRUE
43.2,tissue_origin,1b_11bin,3,11,3,3,,,1.0,FALSE,TRUE
44.1,epithelial_class,2a_3bin,1,3,0,5,,,,FALSE,TRUE
44.1,epithelial_class,2b_6bin,2,6,1,5,32.23570651408768,0.010826096160066618,0.9148590933234002,FALSE,FALSE
44.1,epithelial_class,2c_10bin,2,10,1,5,32.23570651408768,0.010826096160066618,0.9148590933234002,FALSE,FALSE
44.1,germ_layer,3a_3bin,1,3,0,2,,,,FALSE,TRUE
44.1,germ_layer,3b_mid,1,8,0,2,,,,FALSE,TRUE
44.1,hoadley,5a_4plus_unassigned,1,5,0,2,,,,TRUE,TRUE
44.1,sex_composition,4_4bin,2,4,1,5,0.02827417385301917,0.8771627198323529,0.00933672852251836,FALSE,FALSE
44.1,tissue_origin,1a_5bin,5,5,5,5,,,1.0,FALSE,TRUE
44.1,tissue_origin,1b_11bin,5,11,5,5,,,1.0,FALSE,TRUE
45.1,epithelial_class,2a_3bin,1,3,1,1,,,,FALSE,TRUE
45.1,epithelial_class,2b_6bin,1,6,1,1,,,,FALSE,TRUE
45.1,epithelial_class,2c_10bin,1,10,1,1,,,,FALSE,TRUE
45.1,hoadley,5a_4plus_unassigned,1,5,1,1,,,,TRUE,TRUE
45.1,hoadley,5c_iclusters,1,14,1,1,,,,TRUE,TRUE
45.1,sex_composition,4_4bin,1,4,1,1,,,,FALSE,TRUE
45.1,tissue_origin,1a_5bin,1,5,1,1,,,,FALSE,TRUE
45.1,tissue_origin,1b_11bin,1,11,1,1,,,,FALSE,TRUE
45.2,epithelial_class,2a_3bin,1,3,1,1,,,,FALSE,TRUE
45.2,epithelial_class,2b_6bin,1,6,1,1,,,,FALSE,TRUE
45.2,epithelial_class,2c_10bin,1,10,1,1,,,,FALSE,TRUE
45.2,hoadley,5a_4plus_unassigned,1,5,1,1,,,,TRUE,TRUE
45.2,hoadley,5c_iclusters,1,14,1,1,,,,TRUE,TRUE
45.2,sex_composition,4_4bin,1,4,1,1,,,,FALSE,TRUE
45.2,tissue_origin,1a_5bin,1,5,1,1,,,,FALSE,TRUE
45.2,tissue_origin,1b_11bin,1,11,1,1,,,,FALSE,TRUE
46.1,epithelial_class,2a_3bin,2,3,1,4,0.22061278088704822,0.6848052921848632,0.09934770383466936,FALSE,FALSE
46.1,epithelial_class,2b_6bin,3,6,2,4,0.05545921464447786,0.9487655660623975,0.09984390065429835,FALSE,TRUE
46.1,epithelial_class,2c_10bin,3,10,2,4,0.05545921464447786,0.9487655660623975,0.09984390065429835,FALSE,TRUE
46.1,germ_layer,3a_3bin,1,3,0,5,,,,FALSE,TRUE
46.1,germ_layer,3b_mid,3,8,2,5,0.5066605008370116,0.6637195303417451,0.3362804696582548,FALSE,TRUE
46.1,hoadley,5a_4plus_unassigned,2,5,0,5,0.4306757969040859,0.5585014283786675,0.12553672290827855,TRUE,FALSE
46.1,hoadley,5c_iclusters,3,14,3,3,,,1.0,TRUE,TRUE
46.1,sex_composition,4_4bin,2,4,0,6,1.8063887519684871,0.2501116254230232,0.31110365308490295,FALSE,FALSE
46.1,tissue_origin,1a_5bin,3,5,2,6,29.792648192718485,0.010494781768912982,0.9520654183448419,FALSE,TRUE
46.1,tissue_origin,1b_11bin,3,11,2,6,29.79264819271859,0.01049478176891293,0.952065418344842,FALSE,TRUE
47.1,epithelial_class,2a_3bin,1,3,1,1,,,,FALSE,TRUE
47.1,epithelial_class,2b_6bin,1,6,1,1,,,,FALSE,TRUE
47.1,epithelial_class,2c_10bin,1,10,1,1,,,,FALSE,TRUE
47.1,germ_layer,3a_3bin,1,3,1,1,,,,FALSE,TRUE
47.1,germ_layer,3b_mid,1,8,1,1,,,,FALSE,TRUE
47.1,hoadley,5a_4plus_unassigned,1,5,1,1,,,,TRUE,TRUE
47.1,hoadley,5c_iclusters,1,14,1,1,,,,TRUE,TRUE
47.1,sex_composition,4_4bin,1,4,1,1,,,,FALSE,TRUE
47.1,tissue_origin,1a_5bin,1,5,1,1,,,,FALSE,TRUE
47.1,tissue_origin,1b_11bin,1,11,1,1,,,,FALSE,TRUE
48.1,epithelial_class,2a_3bin,2,3,1,3,1.3539120775105253,0.4519597528052238,0.5751752966671588,FALSE,FALSE
48.1,epithelial_class,2b_6bin,3,6,3,3,,,1.0,FALSE,TRUE
48.1,epithelial_class,2c_10bin,3,10,3,3,,,1.0,FALSE,TRUE
48.1,germ_layer,3a_3bin,2,3,1,3,0.09018625468531824,0.8142716461114645,0.08272554739864207,FALSE,FALSE
48.1,germ_layer,3b_mid,3,8,3,3,,,1.0,FALSE,TRUE
48.1,hoadley,5a_4plus_unassigned,2,5,1,4,2.6029466730972177,0.24800550099530955,0.5654957265333153,TRUE,FALSE
48.1,hoadley,5c_iclusters,2,14,2,2,,,,TRUE,TRUE
48.1,sex_composition,4_4bin,2,4,1,4,1.6900479208077843,0.32324183144992286,0.45800161869925426,FALSE,FALSE
48.1,tissue_origin,1a_5bin,2,5,1,4,1.6900479208077843,0.32324183144992286,0.45800161869925426,FALSE,FALSE
48.1,tissue_origin,1b_11bin,3,11,2,4,7.924989037114921,0.2436129270656469,0.9406527417665078,FALSE,TRUE
49.1,epithelial_class,2a_3bin,2,3,1,3,0.030344914856807566,0.8902038984132605,0.029451220090725264,FALSE,FALSE
49.1,epithelial_class,2b_6bin,2,6,1,3,0.030344914856807566,0.8902038984132605,0.029451220090725264,FALSE,FALSE
49.1,epithelial_class,2c_10bin,2,10,1,3,0.030344914856807566,0.8902038984132605,0.029451220090725264,FALSE,FALSE
49.1,germ_layer,3a_3bin,1,3,0,5,,,,FALSE,TRUE
49.1,germ_layer,3b_mid,3,8,2,5,0.5854441791636897,0.6307380689539588,0.3692619310460412,FALSE,TRUE
49.1,hoadley,5a_4plus_unassigned,2,5,0,5,1.1389802663153306,0.3641262719567431,0.2751837875586905,TRUE,FALSE
49.1,hoadley,5c_iclusters,3,14,3,3,,,1.0,TRUE,TRUE
49.1,sex_composition,4_4bin,2,4,0,5,0.22183514696484777,0.6697767636818058,0.06885366160768004,FALSE,FALSE
49.1,tissue_origin,1a_5bin,3,5,2,5,0.10191973651211038,0.9075071140528662,0.09249288594713385,FALSE,TRUE
49.1,tissue_origin,1b_11bin,3,11,2,5,0.10191973651211038,0.9075071140528662,0.09249288594713385,FALSE,TRUE
50.1,epithelial_class,2a_3bin,2,3,1,6,0.407588176823654,0.5579169477480195,0.09247419687866204,FALSE,FALSE
50.1,epithelial_class,2b_6bin,3,6,2,6,0.17200935666086734,0.8497258559410727,0.10287583378383917,FALSE,TRUE
50.1,epithelial_class,2c_10bin,5,10,4,6,16.286101503236296,0.18350611778587347,0.984881563532307,FALSE,TRUE
50.1,germ_layer,3a_3bin,3,3,1,6,0.2352600034531756,0.8036927553375615,0.13557622660869675,FALSE,FALSE
50.1,germ_layer,3b_mid,5,8,4,6,0.18746836808204365,0.9179312878907923,0.4285301104259165,FALSE,TRUE
50.1,hoadley,5a_4plus_unassigned,2,5,0,6,0.963323934477813,0.38192120583998584,0.19408846716331912,TRUE,FALSE
50.1,hoadley,5c_iclusters,4,14,4,4,,,1.0,TRUE,TRUE
50.1,sex_composition,4_4bin,2,4,1,7,0.09550188646822688,0.7697583574865866,0.01874239056251645,FALSE,FALSE
50.1,tissue_origin,1a_5bin,4,5,2,7,0.18199405208125086,0.9023085632524429,0.15397205405627587,FALSE,FALSE
50.1,tissue_origin,1b_11bin,6,11,5,7,0.15665934317315688,0.9472463165545815,0.43924082229103223,FALSE,TRUE
